South Sudan,Upper Nile,Renk,Chemmedi,Chemmedi
South Sudan,Upper Nile,Renk,Geger,Geger
South Sudan,Upper Nile,Renk,Jalhak,Jalhak
South Sudan,Upper Nile,Renk,North Renk,North Renk
South Sudan,Upper Nile,Renk,South Renk,South Renk
South Sudan,Upper Nile,Manyo,Adhidwoi,Adhidwoi
South Sudan,Upper Nile,Manyo,Kaka,Kaka
South Sudan,Upper Nile,Manyo,Magenist,Magenist
South Sudan,Upper Nile,Manyo,Wedakona,Wedakona
South Sudan,Upper Nile,Fashoda,Dethok,Dethok
South Sudan,Upper Nile,Fashoda,Kodok,Kodok
South Sudan,Upper Nile,Fashoda,Kodok Town,Kodok Town
South Sudan,Upper Nile,Fashoda,Lul,Lul
South Sudan,Upper Nile,Melut,Bimachuk,Bimachuk
South Sudan,Upper Nile,Melut,Galdora,Galdora
South Sudan,Upper Nile,Melut,Melut,Melut
South Sudan,Upper Nile,Melut,Paloch,Paloch
South Sudan,Upper Nile,Melut,Panhomdit,Panhomdit
South Sudan,Upper Nile,Melut,Wunamum,Wunamum
South Sudan,Upper Nile,Maban,Banashowa,Banashowa
South Sudan,Upper Nile,Maban,Boung,Boung
South Sudan,Upper Nile,Maban,Jinkuata,Jinkuata
South Sudan,Upper Nile,Maban,Jinmakda,Jinmakda
South Sudan,Upper Nile,Maban,Khor El Amer,Khor El Amer
South Sudan,Upper Nile,Maiwut,Jekow,Jekow
South Sudan,Upper Nile,Maiwut,Jotoma,Jotoma
South Sudan,Upper Nile,Maiwut,Kigila,Kigila
South Sudan,Upper Nile,Maiwut,Maiwut,Maiwut
South Sudan,Upper Nile,Maiwut,Olang,Olang
South Sudan,Upper Nile,Maiwut,Pagak,Pagak
South Sudan,Upper Nile,Luakpiny/Nasir,Dingkar,Dingkar
South Sudan,Upper Nile,Luakpiny/Nasir,Jikmir,Jikmir
South Sudan,Upper Nile,Luakpiny/Nasir,Kiech Kuon,Kiech Kuon
South Sudan,Upper Nile,Luakpiny/Nasir,Kuerenge-Ke,Kuerenge-Ke
South Sudan,Upper Nile,Luakpiny/Nasir,Mading,Mading
South Sudan,Upper Nile,Luakpiny/Nasir,Maker,Maker
South Sudan,Upper Nile,Luakpiny/Nasir,Nasir,Nasir
South Sudan,Upper Nile,Luakpiny/Nasir,Roam,Roam
South Sudan,Upper Nile,Longochuk,Dajo,Dajo
South Sudan,Upper Nile,Longochuk,Guelguk,Guelguk
South Sudan,Upper Nile,Longochuk,Longochuk,Longochuk
South Sudan,Upper Nile,Longochuk,Malual,Malual
South Sudan,Upper Nile,Longochuk,Pamach,Pamach
South Sudan,Upper Nile,Longochuk,Wudier,Wudier
South Sudan,Upper Nile,Ulang,Doma,Doma
South Sudan,Upper Nile,Ulang,Kurmuot,Kurmuot
South Sudan,Upper Nile,Ulang,Ulang,Ulang
South Sudan,Upper Nile,Ulang,Yomding,Yomding
South Sudan,Upper Nile,Baliet,Abwong,Abwong
South Sudan,Upper Nile,Baliet,Adong,Adong
South Sudan,Upper Nile,Baliet,Akoka,Akoka
South Sudan,Upper Nile,Baliet,Akotweng,Akotweng
South Sudan,Upper Nile,Baliet,Gel Achiel,Gel Achiel
South Sudan,Upper Nile,Baliet,Kuel,Kuel
South Sudan,Upper Nile,Baliet,Nyongkuach,Nyongkuach
South Sudan,Upper Nile,Baliet,Nyongrial,Nyongrial
South Sudan,Upper Nile,Baliet,Rom,Rom
South Sudan,Upper Nile,Baliet,Wunthow,Wunthow
South Sudan,Upper Nile,Malakal,Central Malakal,Central Malakal
South Sudan,Upper Nile,Malakal,Eastern Malakal,Eastern Malakal
South Sudan,Upper Nile,Malakal,Lelo,Lelo
South Sudan,Upper Nile,Malakal,Northern Malakal,Northern Malakal
South Sudan,Upper Nile,Malakal,Ogot,Ogot
South Sudan,Upper Nile,Malakal,Southern Malakal,Southern Malakal
South Sudan,Upper Nile,Panyikang,Anakdiar,Anakdiar
South Sudan,Upper Nile,Panyikang,Dheteim,Dheteim
South Sudan,Upper Nile,Panyikang,Pakang,Pakang
South Sudan,Upper Nile,Panyikang,Panyidwoi,Panyidwoi
South Sudan,Upper Nile,Panyikang,Panyikang,Panyikang
South Sudan,Upper Nile,Panyikang,Tonga,Tonga
South Sudan,Jonglei,Fangak,Manajang,Manajang
South Sudan,Jonglei,Fangak,Mareang,Mareang
South Sudan,Jonglei,Fangak,Old Fangak,Old Fangak
South Sudan,Jonglei,Fangak,Paguer,Paguer
South Sudan,Jonglei,Fangak,Phom,Phom
South Sudan,Jonglei,Canal,Alam,Alam
South Sudan,Jonglei,Canal,Atar,Atar
South Sudan,Jonglei,Canal,Belewach,Belewach
South Sudan,Jonglei,Canal,Kaldak,Kaldak
South Sudan,Jonglei,Canal,Korwach,Korwach
South Sudan,Jonglei,Canal,Mareng,Mareng
South Sudan,Jonglei,Canal,Nyainthokmalual,Nyainthokmalual
South Sudan,Jonglei,Canal,Wulem,Wulem
South Sudan,Jonglei,Ayod,Ayod,Ayod
South Sudan,Jonglei,Ayod,Kurwai,Kurwai
South Sudan,Jonglei,Ayod,Kuach-deng,Kuach-deng
South Sudan,Jonglei,Ayod,Mogok,Mogok
South Sudan,Jonglei,Ayod,Pagil,Pagil
South Sudan,Jonglei,Ayod,Pajiek,Pajiek
South Sudan,Jonglei,Ayod,Wau,Wau
South Sudan,Jonglei,Duk,Ageer,Ageer
South Sudan,Jonglei,Duk,Dongchak,Dongchak
South Sudan,Jonglei,Duk,Padiet,Padiet
South Sudan,Jonglei,Duk,Pagak,Pagak
South Sudan,Jonglei,Duk,Panyang,Panyang
South Sudan,Jonglei,Duk,Payuel,Payuel
South Sudan,Jonglei,Uror,Karam,Karam
South Sudan,Jonglei,Uror,Motot,Motot
South Sudan,Jonglei,Uror,Pathai,Pathai
South Sudan,Jonglei,Uror,Payai,Payai
South Sudan,Jonglei,Uror,Pieri,Pieri
South Sudan,Jonglei,Uror,Puolchuol,Puolchuol
South Sudan,Jonglei,Uror,Tiam,Tiam
South Sudan,Jonglei,Uror,Uror,Uror
South Sudan,Jonglei,Nyirol,Chuil,Chuil
South Sudan,Jonglei,Nyirol,Nyambor,Nyambor
South Sudan,Jonglei,Nyirol,Pading,Pading
South Sudan,Jonglei,Nyirol,Pulturuk,Pulturuk
South Sudan,Jonglei,Nyirol,Thol,Thol
South Sudan,Jonglei,Nyirol,Waat,Waat
South Sudan,Jonglei,Akobo,Alali,Alali
South Sudan,Jonglei,Akobo,Barmach,Barmach
South Sudan,Jonglei,Akobo,Bilkey,Bilkey
South Sudan,Jonglei,Akobo,Buong,Buong
South Sudan,Jonglei,Akobo,Dengjok,Dengjok
South Sudan,Jonglei,Akobo,Diror,Diror
South Sudan,Jonglei,Akobo,Nyandit,Nyandit
South Sudan,Jonglei,Akobo,Walgak,Walgak
South Sudan,Jonglei,Pochalla,Adongo,Adongo
South Sudan,Jonglei,Pochalla,Akiela,Akiela
South Sudan,Jonglei,Pochalla,Burator,Burator
South Sudan,Jonglei,Pochalla,Omiela,Omiela
South Sudan,Jonglei,Pochalla,Pochalla,Pochalla
South Sudan,Jonglei,Pibor,Boma,Boma
South Sudan,Jonglei,Pibor,Gumuruk,Gumuruk
South Sudan,Jonglei,Pibor,Kiziongora,Kiziongora
South Sudan,Jonglei,Pibor,Lekuangole,Lekuangole
South Sudan,Jonglei,Pibor,Marow,Marow
South Sudan,Jonglei,Pibor,Mewun,Mewun
South Sudan,Jonglei,Pibor,Pibor,Pibor
South Sudan,Jonglei,Pibor,Verteth,Verteth
South Sudan,Jonglei,Twic East,Ajuong,Ajuong
South Sudan,Jonglei,Twic East,Kongor,Kongor
South Sudan,Jonglei,Twic East,Lith,Lith
South Sudan,Jonglei,Twic East,Nyuak,Nyuak
South Sudan,Jonglei,Twic East,Pakeer,Pakeer
South Sudan,Jonglei,Bor South,Anyidi,Anyidi
South Sudan,Jonglei,Bor South,Baidit,Baidit
South Sudan,Jonglei,Bor South,Bor,Bor
South Sudan,Jonglei,Bor South,Jalle,Jalle
South Sudan,Jonglei,Bor South,Kolnyang,Kolnyang
South Sudan,Jonglei,Bor South,Makuach,Makuach
South Sudan,Unity,Pariang,Aliiny,Aliiny
South Sudan,Unity,Pariang,Biu,Biu
South Sudan,Unity,Pariang,Jamjang,Jamjang
South Sudan,Unity,Pariang,Nyeel,Nyeel
South Sudan,Unity,Pariang,Pariang,Pariang
South Sudan,Unity,Pariang,Werthen,Werthen
South Sudan,Unity,Pariang,Wunkur,Wunkur
South Sudan,Unity,Abiemnhom,Abiemnhom,Abiemnhom
South Sudan,Unity,Abiemnhom,Aworpiny,Aworpiny
South Sudan,Unity,Abiemnhom,Manjoga,Manjoga
South Sudan,Unity,Abiemnhom,Panyang,Panyang
South Sudan,Unity,Mayom,Bieh,Bieh
South Sudan,Unity,Mayom,Kuerbuone,Kuerbuone
South Sudan,Unity,Mayom,Kueryiek,Kueryiek
South Sudan,Unity,Mayom,Mankien,Mankien
South Sudan,Unity,Mayom,Ngop,Ngop
South Sudan,Unity,Mayom,Pup,Pup
South Sudan,Unity,Mayom,Riak,Riak
South Sudan,Unity,Mayom,Ruathnyibuol,Ruathnyibuol
South Sudan,Unity,Mayom,Wangbuor_1,Wangbuor_1
South Sudan,Unity,Mayom,Wangbuor_2,Wangbuor_2
South Sudan,Unity,Mayom,Wangbuor_3,Wangbuor_3
South Sudan,Unity,Mayom,Wangkei,Wangkei
South Sudan,Unity,Rubkona,Bentiu Town,Bentiu Town
South Sudan,Unity,Rubkona,Budaang,Budaang
South Sudan,Unity,Rubkona,Dhorbor,Dhorbor
South Sudan,Unity,Rubkona,Kaljak,Kaljak
South Sudan,Unity,Rubkona,Ngop,Ngop
South Sudan,Unity,Rubkona,Nhialdiu,Nhialdiu
South Sudan,Unity,Rubkona,Panhiany,Panhiany
South Sudan,Unity,Rubkona,Rubkotne,Rubkotne
South Sudan,Unity,Rubkona,Wathjaak,Wathjaak
South Sudan,Unity,Guit,Guit,Guit
South Sudan,Unity,Guit,Kedad,Kedad
South Sudan,Unity,Guit,Kuach,Kuach
South Sudan,Unity,Guit,Kuerguini,Kuerguini
South Sudan,Unity,Guit,Niemni,Niemni
South Sudan,Unity,Guit,Nyathoar,Nyathoar
South Sudan,Unity,Guit,Wathnyona,Wathnyona
South Sudan,Unity,Koch,Boaw,Boaw
South Sudan,Unity,Koch,Gany,Gany
South Sudan,Unity,Koch,Jaak,Jaak
South Sudan,Unity,Koch,Kuachlual,Kuachlual
South Sudan,Unity,Koch,Norbor,Norbor
South Sudan,Unity,Koch,Ngony,Ngony
South Sudan,Unity,Koch,Pakur,Pakur
South Sudan,Unity,Leer,Adok,Adok
South Sudan,Unity,Leer,Bou,Bou
South Sudan,Unity,Leer,Leer,Leer
South Sudan,Unity,Leer,Guat,Guat
South Sudan,Unity,Leer,Juong Kang,Juong Kang
South Sudan,Unity,Leer,Padeah,Padeah
South Sudan,Unity,Leer,Pilieny,Pilieny
South Sudan,Unity,Leer,Yang,Yang
South Sudan,Unity,Mayendit,Bor,Bor
South Sudan,Unity,Mayendit,Dablual,Dablual
South Sudan,Unity,Mayendit,Luom,Luom
South Sudan,Unity,Mayendit,Maal,Maal
South Sudan,Unity,Mayendit,Pabuong,Pabuong
South Sudan,Unity,Mayendit,Rubkuay,Rubkuay
South Sudan,Unity,Mayendit,Thaker,Thaker
South Sudan,Unity,Mayendit,Tharjiath,Tharjiath
South Sudan,Unity,Mayendit,Tutnyang,Tutnyang
South Sudan,Unity,Panyijiar,Ganyliel,Ganyliel
South Sudan,Unity,Panyijiar,Kol,Kol
South Sudan,Unity,Panyijiar,Mayom,Mayom
South Sudan,Unity,Panyijiar,Nyal,Nyal
South Sudan,Unity,Panyijiar,Pachaar,Pachaar
South Sudan,Unity,Panyijiar,Pachak,Pachak
South Sudan,Unity,Panyijiar,Pachienjok,Pachienjok
South Sudan,Unity,Panyijiar,Panyijiar,Panyijiar
South Sudan,Unity,Panyijiar,Thoarnhoum,Thoarnhoum
South Sudan,Unity,Panyijiar,Tiap,Tiap
South Sudan,Warrap,Abyei,Alel,Alel
South Sudan,Warrap,Abyei,Ameth-aguok,Ameth-aguok
South Sudan,Warrap,Abyei,Rumameer,Rumameer
South Sudan,Warrap,Abyei,Mijak,Mijak
South Sudan,Warrap,Abyei,Abyei,Abyei
South Sudan,Warrap,Twic,Ajakkuac,Ajakkuac
South Sudan,Warrap,Twic,Akoc,Akoc
South Sudan,Warrap,Twic,Aweeng,Aweeng
South Sudan,Warrap,Twic,Pannyok,Pannyok
South Sudan,Warrap,Twic,Turalei,Turalei
South Sudan,Warrap,Twic,Wunrok,Wunrok
South Sudan,Warrap,Gogrial West,Akon North,Akon North
South Sudan,Warrap,Gogrial West,Akon South,Akon South
South Sudan,Warrap,Gogrial West,Alek North,Alek North
South Sudan,Warrap,Gogrial West,Alek South,Alek South
South Sudan,Warrap,Gogrial West,Alek West,Alek West
South Sudan,Warrap,Gogrial West,Gogrial,Gogrial
South Sudan,Warrap,Gogrial West,Kuac North,Kuac North
South Sudan,Warrap,Gogrial West,Kuac South,Kuac South
South Sudan,Warrap,Gogrial West,Riau,Riau
South Sudan,Warrap,Gogrial East,Nyang,Nyang
South Sudan,Warrap,Gogrial East,Pathuon East,Pathuon East
South Sudan,Warrap,Gogrial East,Pathuon West,Pathuon West
South Sudan,Warrap,Gogrial East,Toch East,Toch East
South Sudan,Warrap,Gogrial East,Toch North,Toch North
South Sudan,Warrap,Gogrial East,Toch West,Toch West
South Sudan,Warrap,Tonj North,Akop,Akop
South Sudan,Warrap,Tonj North,Alabek,Alabek
South Sudan,Warrap,Tonj North,Aliek,Aliek
South Sudan,Warrap,Tonj North,Warrap,Warrap
South Sudan,Warrap,Tonj North,Awuul,Awuul
South Sudan,Warrap,Tonj North,Kirik,Kirik
South Sudan,Warrap,Tonj North,Manloor,Manloor
South Sudan,Warrap,Tonj North,Mariallou,Mariallou
South Sudan,Warrap,Tonj North,Pagol,Pagol
South Sudan,Warrap,Tonj North,Rualbet,Rualbet
South Sudan,Warrap,Tonj East,Ananatak,Ananatak
South Sudan,Warrap,Tonj East,Makuac,Makuac
South Sudan,Warrap,Tonj East,Malual-cum,Malual-cum
South Sudan,Warrap,Tonj East,Maparah,Maparah
South Sudan,Warrap,Tonj East,Mayen,Mayen
South Sudan,Warrap,Tonj East,Pagor,Pagor
South Sudan,Warrap,Tonj East,Palal,Palal
South Sudan,Warrap,Tonj East,Paliang,Paliang
South Sudan,Warrap,Tonj East,Pannhial,Pannhial
South Sudan,Warrap,Tonj East,Paweng,Paweng
South Sudan,Warrap,Tonj East,Wunliit,Wunliit
South Sudan,Warrap,Tonj South,Jak,Jak
South Sudan,Warrap,Tonj South,Thiet,Thiet
South Sudan,Warrap,Tonj South,Wanhalel,Wanhalel
South Sudan,Warrap,Tonj South,Tonj,Tonj
South Sudan,Warrap,Tonj South,Manyang-ngok,Manyang-ngok
South Sudan,Northern Bahr el Ghazal,Aweil North,Ariath,Ariath
South Sudan,Northern Bahr el Ghazal,Aweil North,Malual Centre,Malual Centre
South Sudan,Northern Bahr el Ghazal,Aweil North,Malual East,Malual East
South Sudan,Northern Bahr el Ghazal,Aweil North,Malual North,Malual North
South Sudan,Northern Bahr el Ghazal,Aweil North,Malual West,Malual West
South Sudan,Northern Bahr el Ghazal,Aweil East,Baach,Baach
South Sudan,Northern Bahr el Ghazal,Aweil East,Madhol,Madhol
South Sudan,Northern Bahr el Ghazal,Aweil East,Malual-bai,Malual-bai
South Sudan,Northern Bahr el Ghazal,Aweil East,Mangar-tong I,Mangar-tong I
South Sudan,Northern Bahr el Ghazal,Aweil East,Mangok,Mangok
South Sudan,Northern Bahr el Ghazal,Aweil East,Wunlang,Wunlang
South Sudan,Northern Bahr el Ghazal,Aweil East,Yargot,Yargot
South Sudan,Northern Bahr el Ghazal,Aweil East,Mayom-wel,Mayom-wel
South Sudan,Northern Bahr el Ghazal,Aweil South,Ayai,Ayai
South Sudan,Northern Bahr el Ghazal,Aweil South,Gakrol,Gakrol
South Sudan,Northern Bahr el Ghazal,Aweil South,unknown,unknown
South Sudan,Northern Bahr el Ghazal,Aweil South,Nyieth,Nyieth
South Sudan,Northern Bahr el Ghazal,Aweil South,Nyocawany I,Nyocawany I
South Sudan,Northern Bahr el Ghazal,Aweil South,Panthou,Panthou
South Sudan,Northern Bahr el Ghazal,Aweil South,Tar-weng,Tar-weng
South Sudan,Northern Bahr el Ghazal,Aweil South,Tiar-aleit,Tiar-aleit
South Sudan,Northern Bahr el Ghazal,Aweil South,Wathmuok,Wathmuok
South Sudan,Northern Bahr el Ghazal,Aweil South,Nyocawany II,Nyocawany II
South Sudan,Northern Bahr el Ghazal,Aweil West,Achana,Achana
South Sudan,Northern Bahr el Ghazal,Aweil West,Aweil Town,Aweil Town
South Sudan,Northern Bahr el Ghazal,Aweil West,Ayat Centre,Ayat Centre
South Sudan,Northern Bahr el Ghazal,Aweil West,Ayat East,Ayat East
South Sudan,Northern Bahr el Ghazal,Aweil West,Ayat West,Ayat West
South Sudan,Northern Bahr el Ghazal,Aweil West,Gomjuer Centre,Gomjuer Centre
South Sudan,Northern Bahr el Ghazal,Aweil West,Gomjuer East,Gomjuer East
South Sudan,Northern Bahr el Ghazal,Aweil West,Gomjuer West,Gomjuer West
South Sudan,Northern Bahr el Ghazal,Aweil West,Mariem East,Mariem East
South Sudan,Northern Bahr el Ghazal,Aweil West,Mariem West,Mariem West
South Sudan,Northern Bahr el Ghazal,Aweil Centre,Abul,Abul
South Sudan,Northern Bahr el Ghazal,Aweil Centre,Achana,Achana
South Sudan,Northern Bahr el Ghazal,Aweil Centre,Aroyo,Aroyo
South Sudan,Northern Bahr el Ghazal,Aweil Centre,Bhar Mayen,Bhar Mayen
South Sudan,Northern Bahr el Ghazal,Aweil Centre,Chel South,Chel South
South Sudan,Northern Bahr el Ghazal,Aweil Centre,Nyalath,Nyalath
South Sudan,Western Bahr el Ghazal,Raga,Ere,Ere
South Sudan,Western Bahr el Ghazal,Raga,unknown,unknown
South Sudan,Western Bahr el Ghazal,Raga,Raga,Raga
South Sudan,Western Bahr el Ghazal,Raga,Ringi,Ringi
South Sudan,Western Bahr el Ghazal,Raga,Uyujuku,Uyujuku
South Sudan,Western Bahr el Ghazal,Jur River,Kangi,Kangi
South Sudan,Western Bahr el Ghazal,Jur River,Kuajena,Kuajena
South Sudan,Western Bahr el Ghazal,Jur River,Marial Bai,Marial Bai
South Sudan,Western Bahr el Ghazal,Jur River,Rocrocdong,Rocrocdong
South Sudan,Western Bahr el Ghazal,Jur River,Udici,Udici
South Sudan,Western Bahr el Ghazal,Jur River,Wau Bai,Wau Bai
South Sudan,Western Bahr el Ghazal,Wau,Bagari,Bagari
South Sudan,Western Bahr el Ghazal,Wau,Besselia,Besselia
South Sudan,Western Bahr el Ghazal,Wau,Kpaile,Kpaile
South Sudan,Western Bahr el Ghazal,Wau,Wau North,Wau North
South Sudan,Western Bahr el Ghazal,Wau,Wau South,Wau South
South Sudan,Lakes,Cueibet,Abiriu,Abiriu
South Sudan,Lakes,Cueibet,Citcok,Citcok
South Sudan,Lakes,Cueibet,Duony,Duony
South Sudan,Lakes,Cueibet,Malou Pec,Malou Pec
South Sudan,Lakes,Cueibet,Ngap,Ngap
South Sudan,Lakes,Cueibet,Pagor,Pagor
South Sudan,Lakes,Rumbek North,Aloor,Aloor
South Sudan,Lakes,Rumbek North,Madol,Madol
South Sudan,Lakes,Rumbek North,Malueeth,Malueeth
South Sudan,Lakes,Rumbek North,Maper,Maper
South Sudan,Lakes,Rumbek North,Mayen,Mayen
South Sudan,Lakes,Rumbek North,Wun-rieng,Wun-rieng
South Sudan,Lakes,Rumbek Centre,Amongpiny,Amongpiny
South Sudan,Lakes,Rumbek Centre,Jiir,Jiir
South Sudan,Lakes,Rumbek Centre,Malek,Malek
South Sudan,Lakes,Rumbek Centre,Matangai,Matangai
South Sudan,Lakes,Rumbek Centre,Mayom,Mayom
South Sudan,Lakes,Wulu,Bargel,Bargel
South Sudan,Lakes,Wulu,Domoloto,Domoloto
South Sudan,Lakes,Wulu,Makundi,Makundi
South Sudan,Lakes,Wulu,Wulu,Wulu
South Sudan,Lakes,Rumbek East,Akot,Akot
South Sudan,Lakes,Rumbek East,Atiaba,Atiaba
South Sudan,Lakes,Rumbek East,Cueicok,Cueicok
South Sudan,Lakes,Rumbek East,Maleng-agok,Maleng-agok
South Sudan,Lakes,Rumbek East,Pacong,Pacong
South Sudan,Lakes,Rumbek East,Paloch,Paloch
South Sudan,Lakes,Rumbek East,Aduel,Aduel
South Sudan,Lakes,Yirol West,Abang,Abang
South Sudan,Lakes,Yirol West,Aluakluak,Aluakluak
South Sudan,Lakes,Yirol West,Anuol,Anuol
South Sudan,Lakes,Yirol West,Geng-geng,Geng-geng
South Sudan,Lakes,Yirol West,Gher,Gher
South Sudan,Lakes,Yirol West,Mapuordit,Mapuordit
South Sudan,Lakes,Yirol West,Yirol,Yirol
South Sudan,Lakes,Yirol East,Adior,Adior
South Sudan,Lakes,Yirol East,Lekakedu,Lekakedu
South Sudan,Lakes,Yirol East,Malek,Malek
South Sudan,Lakes,Yirol East,Pagarau,Pagarau
South Sudan,Lakes,Yirol East,Tinagau,Tinagau
South Sudan,Lakes,Yirol East,Yali,Yali
South Sudan,Lakes,Awerial,Abuyong,Abuyong
South Sudan,Lakes,Awerial,Bun-agok,Bun-agok
South Sudan,Lakes,Awerial,Dor,Dor
South Sudan,Lakes,Awerial,Magok,Magok
South Sudan,Lakes,Awerial,Nile,Nile
South Sudan,Lakes,Awerial,Puluk,Puluk
South Sudan,Lakes,Awerial,Alel I,Alel I
South Sudan,Lakes,Awerial,Alel II,Alel II
South Sudan,Western Equatoria,Tambura,Mupoi,Mupoi
South Sudan,Western Equatoria,Tambura,Namutina,Namutina
South Sudan,Western Equatoria,Tambura,Source Yubu,Source Yubu
South Sudan,Western Equatoria,Tambura,Tambura,Tambura
South Sudan,Western Equatoria,Nagero,Nagero,Nagero
South Sudan,Western Equatoria,Nzara,Basukangbi,Basukangbi
South Sudan,Western Equatoria,Nzara,Nzara Centre,Nzara Centre
South Sudan,Western Equatoria,Nzara,Ringasi,Ringasi
South Sudan,Western Equatoria,Nzara,Sakure,Sakure
South Sudan,Western Equatoria,Nzara,Sangua,Sangua
South Sudan,Western Equatoria,Ezo,Andari,Andari
South Sudan,Western Equatoria,Ezo,Bagidi,Bagidi
South Sudan,Western Equatoria,Ezo,Bariguna,Bariguna
South Sudan,Western Equatoria,Ezo,Ezo Centre,Ezo Centre
South Sudan,Western Equatoria,Ezo,Naandi,Naandi
South Sudan,Western Equatoria,Ezo,Yangiri,Yangiri
South Sudan,Western Equatoria,Yambio,Bangasu,Bangasu
South Sudan,Western Equatoria,Yambio,Gangura,Gangura
South Sudan,Western Equatoria,Yambio,Ri_Rangu,Ri_Rangu
South Sudan,Western Equatoria,Yambio,Nadiangere,Nadiangere
South Sudan,Western Equatoria,Yambio,Yambio Town,Yambio Town
South Sudan,Western Equatoria,Ibba,Ibba Centre,Ibba Centre
South Sudan,Western Equatoria,Ibba,Madebe,Madebe
South Sudan,Western Equatoria,Ibba,Manikakara,Manikakara
South Sudan,Western Equatoria,Ibba,Maruko,Maruko
South Sudan,Western Equatoria,Ibba,Nabanga,Nabanga
South Sudan,Western Equatoria,Maridi,Kozi,Kozi
South Sudan,Western Equatoria,Maridi,Landili,Landili
South Sudan,Western Equatoria,Maridi,Mambe,Mambe
South Sudan,Western Equatoria,Maridi,Maridi,Maridi
South Sudan,Western Equatoria,Maridi,Ngamunde,Ngamunde
South Sudan,Western Equatoria,Mvolo,Bagori,Bagori
South Sudan,Western Equatoria,Mvolo,Bahr El Grindi,Bahr El Grindi
South Sudan,Western Equatoria,Mvolo,Dari,Dari
South Sudan,Western Equatoria,Mvolo,Kokor,Kokor
South Sudan,Western Equatoria,Mvolo,Lessi,Lessi
South Sudan,Western Equatoria,Mvolo,Mvolo,Mvolo
South Sudan,Western Equatoria,Mvolo,Yeri,Yeri
South Sudan,Western Equatoria,Mundri West,Amadi,Amadi
South Sudan,Western Equatoria,Mundri West,Bangolo,Bangolo
South Sudan,Western Equatoria,Mundri West,Kotobi,Kotobi
South Sudan,Western Equatoria,Mundri West,Mundri,Mundri
South Sudan,Western Equatoria,Mundri East,Kedi ‘ba,Kedi ‘ba
South Sudan,Western Equatoria,Mundri East,Lakamadi,Lakamadi
South Sudan,Western Equatoria,Mundri East,Lozoh,Lozoh
South Sudan,Western Equatoria,Mundri East,Minga,Minga
South Sudan,Western Equatoria,Mundri East,Witto,Witto
South Sudan,Central Equatoria,Terekeka,Gameiza,Gameiza
South Sudan,Central Equatoria,Terekeka,Muni,Muni
South Sudan,Central Equatoria,Terekeka,Nyori,Nyori
South Sudan,Central Equatoria,Terekeka,Reggo,Reggo
South Sudan,Central Equatoria,Terekeka,Rijong,Rijong
South Sudan,Central Equatoria,Terekeka,Tali,Tali
South Sudan,Central Equatoria,Terekeka,Terekeka,Terekeka
South Sudan,Central Equatoria,Terekeka,Tindilo,Tindilo
South Sudan,Central Equatoria,Terekeka,Tombek,Tombek
South Sudan,Central Equatoria,Terekeka,Mangala North,Mangala North
South Sudan,Central Equatoria,Juba,Bungu,Bungu
South Sudan,Central Equatoria,Juba,Dolo,Dolo
South Sudan,Central Equatoria,Juba,Ganji,Ganji
South Sudan,Central Equatoria,Juba,Gondokoro,Gondokoro
South Sudan,Central Equatoria,Juba,Juba Town,Juba Town
South Sudan,Central Equatoria,Juba,Kator,Kator
South Sudan,Central Equatoria,Juba,Lirya,Lirya
South Sudan,Central Equatoria,Juba,Lokiliri,Lokiliri
South Sudan,Central Equatoria,Juba,Lobonok,Lobonok
South Sudan,Central Equatoria,Juba,Mangala South,Mangala South
South Sudan,Central Equatoria,Juba,Munuki,Munuki
South Sudan,Central Equatoria,Juba,Northern Bari,Northern Bari
South Sudan,Central Equatoria,Juba,Rejaf,Rejaf
South Sudan,Central Equatoria,Juba,Rokon,Rokon
South Sudan,Central Equatoria,Juba,Tijor,Tijor
South Sudan,Central Equatoria,Juba,Wonduruba,Wonduruba
South Sudan,Central Equatoria,Lainya,Kenyi,Kenyi
South Sudan,Central Equatoria,Lainya,Kupera,Kupera
South Sudan,Central Equatoria,Lainya,Lainya,Lainya
South Sudan,Central Equatoria,Lainya,Mukaya,Mukaya
South Sudan,Central Equatoria,Lainya,Wuji,Wuji
South Sudan,Central Equatoria,Yei,Lasu,Lasu
South Sudan,Central Equatoria,Yei,Mugwo,Mugwo
South Sudan,Central Equatoria,Yei,Otogo,Otogo
South Sudan,Central Equatoria,Yei,Tore,Tore
South Sudan,Central Equatoria,Yei,Yei Town,Yei Town
South Sudan,Central Equatoria,Morobo,Gulumbi,Gulumbi
South Sudan,Central Equatoria,Morobo,Kimba,Kimba
South Sudan,Central Equatoria,Morobo,Lujulo,Lujulo
South Sudan,Central Equatoria,Morobo,Panyume,Panyume
South Sudan,Central Equatoria,Morobo,Wudabi,Wudabi
South Sudan,Central Equatoria,Kajo-keji,Kangapo I,Kangapo I
South Sudan,Central Equatoria,Kajo-keji,Kangapo II,Kangapo II
South Sudan,Central Equatoria,Kajo-keji,Lire,Lire
South Sudan,Central Equatoria,Kajo-keji,Liwolo,Liwolo
South Sudan,Central Equatoria,Kajo-keji,Nyepo,Nyepo
South Sudan,Eastern Equatoria,Torit,Bur,Bur
South Sudan,Eastern Equatoria,Torit,Himodonge,Himodonge
South Sudan,Eastern Equatoria,Torit,Hiyala,Hiyala
South Sudan,Eastern Equatoria,Torit,Ifwotu,Ifwotu
South Sudan,Eastern Equatoria,Torit,Imurok,Imurok
South Sudan,Eastern Equatoria,Torit,Kudo,Kudo
South Sudan,Eastern Equatoria,Torit,Torit,Torit
South Sudan,Eastern Equatoria,Torit,Iyere,Iyere
South Sudan,Eastern Equatoria,Lafon,Arihilo,Arihilo
South Sudan,Eastern Equatoria,Lafon,Burgilo,Burgilo
South Sudan,Eastern Equatoria,Lafon,Imehejek,Imehejek
South Sudan,Eastern Equatoria,Lafon,Kurumi,Kurumi
South Sudan,Eastern Equatoria,Lafon,Lohutok,Lohutok
South Sudan,Eastern Equatoria,Lafon,Longiro,Longiro
South Sudan,Eastern Equatoria,Lafon,Marguna,Marguna
South Sudan,Eastern Equatoria,Lafon,Pachidi,Pachidi
South Sudan,Eastern Equatoria,Lafon,Lipu (Ukwere),Lipu (Ukwere)
South Sudan,Eastern Equatoria,Kapoeta North,Chumakori,Chumakori
South Sudan,Eastern Equatoria,Kapoeta North,Karukomuge,Karukomuge
South Sudan,Eastern Equatoria,Kapoeta North,Lomeyen,Lomeyen
South Sudan,Eastern Equatoria,Kapoeta North,Mosingo,Mosingo
South Sudan,Eastern Equatoria,Kapoeta North,Najie,Najie
South Sudan,Eastern Equatoria,Kapoeta North,Paringa,Paringa
South Sudan,Eastern Equatoria,Kapoeta East,Jie,Jie
South Sudan,Eastern Equatoria,Kapoeta East,Katodori,Katodori
South Sudan,Eastern Equatoria,Kapoeta East,Kauto,Kauto
South Sudan,Eastern Equatoria,Kapoeta East,Lotimor,Lotimor
South Sudan,Eastern Equatoria,Kapoeta East,Mogos,Mogos
South Sudan,Eastern Equatoria,Kapoeta East,Narus,Narus
South Sudan,Eastern Equatoria,Kapoeta East,Natinga,Natinga
South Sudan,Eastern Equatoria,Kapoeta East,Lofiyam,Lofiyam
South Sudan,Eastern Equatoria,Kapoeta South,Kapoeta Town,Kapoeta Town
South Sudan,Eastern Equatoria,Kapoeta South,Longeleya,Longeleya
South Sudan,Eastern Equatoria,Kapoeta South,Machi One,Machi One
South Sudan,Eastern Equatoria,Kapoeta South,Machi Two,Machi Two
South Sudan,Eastern Equatoria,Kapoeta South,Pwata,Pwata
South Sudan,Eastern Equatoria,Budi,Kimotong,Kimotong
South Sudan,Eastern Equatoria,Budi,Komori,Komori
South Sudan,Eastern Equatoria,Budi,Loriyok,Loriyok
South Sudan,Eastern Equatoria,Budi,Lotukei,Lotukei
South Sudan,Eastern Equatoria,Budi,Loudo,Loudo
South Sudan,Eastern Equatoria,Budi,Nagishot,Nagishot
South Sudan,Eastern Equatoria,Budi,Napak,Napak
South Sudan,Eastern Equatoria,Budi,Nauro,Nauro
South Sudan,Eastern Equatoria,Ikotos,Hatire,Hatire
South Sudan,Eastern Equatoria,Ikotos,Ikotos,Ikotos
South Sudan,Eastern Equatoria,Ikotos,Imotong,Imotong
South Sudan,Eastern Equatoria,Ikotos,Lomohidang North,Lomohidang North
South Sudan,Eastern Equatoria,Ikotos,Lomohidang South,Lomohidang South
South Sudan,Eastern Equatoria,Ikotos,Losite,Losite
South Sudan,Eastern Equatoria,Magwi,Lobone,Lobone
South Sudan,Eastern Equatoria,Magwi,Magwi,Magwi
South Sudan,Eastern Equatoria,Magwi,Mugali,Mugali
South Sudan,Eastern Equatoria,Magwi,Nimule,Nimule
South Sudan,Eastern Equatoria,Magwi,Pageri,Pageri
South Sudan,Eastern Equatoria,Magwi,Pajok,Pajok
South Sudan,Eastern Equatoria,Magwi,Atabara,Atabara
South Sudan,Eastern Equatoria,Magwi,Obbo,Obbo
South Sudan,Eastern Equatoria,Magwi,Agoro,Agoro