India,Jammu and Kashmir,Shopian,Devpora,Chanchmarg
India,Jammu and Kashmir,Shopian,Devpora,Kejapathri
India,Jammu and Kashmir,Shopian,Devpora,Sarbal
India,Jammu and Kashmir,Shopian,Devpora,Qazipathri
India,Jammu and Kashmir,Shopian,Devpora,Agapathri
India,Jammu and Kashmir,Shopian,Shadab Karewa A,Bhat Mohalla
India,Jammu and Kashmir,Shopian,Shadab Karewa A,Tulsi Mohalla
India,Jammu and Kashmir,Shopian,Shadab Karewa A,Mir Mohalla
India,Jammu and Kashmir,Shopian,Shadab Karewa A,Farman Mohalla
India,Jammu and Kashmir,Shopian,Shadab Karewa A,Mansoo Mohalla
India,Jammu and Kashmir,Shopian,Shadab Karewa A,Sheikh Mohalla
India,Jammu and Kashmir,Shopian,Shadab Karewa A,Manhas Mohalla
India,Jammu and Kashmir,Shopian,Shadab Karewa A,Habib Mohalla
India,Jammu and Kashmir,Shopian,Shadab Karewa A,Thoker Mohalla
India,Jammu and Kashmir,Shopian,Shadab Karewa B,Dar Mohalla
India,Jammu and Kashmir,Shopian,Shadab Karewa B,Din Mohalla
India,Jammu and Kashmir,Shopian,Shadab Karewa B,Chamanpathri Nikki
India,Jammu and Kashmir,Shopian,Shadab Karewa B,Chamanpathri Baddi
India,Jammu and Kashmir,Shopian,Shadab Karewa B,Nayi Basti
India,Jammu and Kashmir,Shopian,Shadab Karewa B,Nakka
India,Jammu and Kashmir,Shopian,Shadab Karewa B,Feerwar
India,Jammu and Kashmir,Budgam,Charari-Sharief,Kanidajan A
India,Jammu and Kashmir,Budgam,Charari-Sharief,Kanidajan B
India,Jammu and Kashmir,Budgam,Charari-Sharief,Brenpathri
India,Jammu and Kashmir,Budgam,Charari-Sharief,Fresdub
India,Jammu and Kashmir,Budgam,Charari-Sharief,Nowgam
India,Jammu and Kashmir,Budgam,Charari-Sharief,Braripathri
India,Jammu and Kashmir,Budgam,Charari-Sharief,Dodkhut
India,Jammu and Kashmir,Budgam,Charari-Sharief,Donkulpathri
India,Jammu and Kashmir,Anantanag,Anantanag,
India,Jammu and Kashmir,Kulgam,Kulgam,
India,Jammu and Kashmir,Pulwama,Pulwama,
India,Jammu and Kashmir,Srinagar,Srinagar,
India,Jammu and Kashmir,Ganderbal,Ganderbal,
India,Jammu and Kashmir,Bandipora,Bandipora,
India,Jammu and Kashmir,Baramulla,Baramulla,
India,Jammu and Kashmir,Kupwara,Kupwara,
India,Jammu and Kashmir,Doda,Doda,
India,Jammu and Kashmir,Jammu,Jammu,
India,Jammu and Kashmir,Kargil,Kargil,
India,Jammu and Kashmir,Kathua,Kathua,
India,Jammu and Kashmir,Kishtwar,Kishtwar,
India,Jammu and Kashmir,Leh (Ladakh),Leh (Ladakh),
India,Jammu and Kashmir,Poonch,Poonch,
India,Jammu and Kashmir,Rajouri,Rajouri,
India,Jammu and Kashmir,Ramban,Ramban,
India,Jammu and Kashmir,Reasi,Reasi,
India,Jammu and Kashmir,Samba,Samba,
India,Jammu and Kashmir,Udhampur,Udhampur,
India,West Bengal,Darjeeling,Kurseong,Margaret's Hope Tea Garden
India,West Bengal,Darjeeling,Sadar,Dooteriah Tea Estate
India,West Bengal,Darjeeling,Sadar,Rimbick
India,West Bengal,Darjeeling,Sadar,Takling
India,West Bengal,Darjeeling,Sadar,Poobong
India,West Bengal,Darjeeling,Sadar,Rampuria
India,West Bengal,Darjeeling,Sadar,Pulungdung/Pokhriabong
India,West Bengal,Darjeeling,Sadar,Lamahatta
India,West Bengal,Darjeeling,Kurseong,Bagora
India,West Bengal,Darjeeling,Kurseong,Turuk
India,West Bengal,Bankura,Bankura,
India,West Bengal,Bardhaman,Bardhaman,
India,West Bengal,Birbhum,Birbhum,
India,West Bengal,East (Purba) Midnapore,East (Purba) Midnapore,
India,West Bengal,Hooghly,Hooghly,
India,West Bengal,Purulia,Purulia,
India,West Bengal,West (Pashchim) Midnapore,West (Pashchim) Midnapore,
India,West Bengal,Alipurduar,Alipurduar,
India,West Bengal,Cooch Behar,Cooch Behar,
India,West Bengal,Jalpaiguri,Jalpaiguri,
India,West Bengal,Malda,Malda,
India,West Bengal,North (Uttar) Dinajpur,North (Uttar) Dinajpur,
India,West Bengal,South (Dakshin) Dinajpur,South (Dakshin) Dinajpur,
India,West Bengal,Howrah,Howrah,
India,West Bengal,Kolkata,Kolkata,
India,West Bengal,Murshidabad,Murshidabad,
India,West Bengal,Koch Bihar,Koch Bihar,
India,West Bengal,Nadia,Nadia,
India,West Bengal,North (Uttar) 24 Parganas,North (Uttar) 24 Parganas,
India,West Bengal,South (Dakshin) 24 Parganas,South (Dakshin) 24 Parganas,
India,Assam,Tinsukia,Tinsukia,Sewpur TE
India,Assam,Dibrugarh,Dibrugarh East,Basmatia Tea Estate
India,Assam,Dibrugarh,Nahorkotia,Langharjhan TE
India,Assam,Dibrugarh,Chabua,Dikom Tea Estate
India,Assam,Dibrugarh,Moran,Moran & Dirai TE
India,Assam,Dibrugarh,Dibrugarh East,Romai Tea Estate
India,Assam,Dibrugarh,Dibrugarh East,Singlijan Tea Estate
India,Assam,Sivsagar,Sapon,Thowra TE
India,Assam,Golghat,Nomalighur,Numalighur TE
India,Assam,Sivsagar,Amgoorie,Amgoorie TE
India,Assam,Sunitpur,Gohpur,Dekorai TE
India,Assam,Sunitpur,Biswanath,Behali TE
India,Assam,Jorhat,Mariani,Hunwai TE
India,Assam,Tezpur,Thakurbari,Tezpore & Gogra TE
India,Assam,Sivsagar,Sepon,Sepon TE
India,Assam,Sunitpur,Biswanath,Mijicajan TE
India,Assam,Lakhimpur,Laluk,Harmutty TE
India,Assam,Lakhimpur,North Lakhimpur,Dejoo TE
India,Assam,Cachar,Kumbhigram,Koombergram TE
India,Assam,Udalguir,Udalguir,
India,Assam,Darrang,Darrang,
India,Assam,Nagaon,Nagaon,
India,Assam,Marigaon,Marigaon,
India,Assam,Dhubri,Dhubri,
India,Assam,Kokrajhar,Kokrajhar,
India,Assam,Bogaigaon,Bogaigaon,
India,Assam,Goalpara,Goalpara,
India,Assam,Baksa,Baksa,
India,Assam,Chirang,Chirang,
India,Assam,Barpeta,Barpeta,
India,Assam,Nalbari,Nalbari,
India,Assam,Kamrup Rural,Kamrup Rural,
India,Assam,Kamrup Metro,Kamrup Metro,
India,Assam,Dima Hasao,Dima Hasao,
India,Assam,Karbi Anglong,Karbi Anglong,
India,Assam,Hailakandi,Hailakandi,
India,Assam,Karimganj,Karimganj,
India,Assam,Dhemaji,Dhemaji,
India,Andaman and Nicobar,Nicobar Islands,Nicobar Islands,
India,Andaman and Nicobar,North and Middle Andaman,North and Middle Andaman,
India,Andaman and Nicobar,South Andaman,South Andaman,
India,Andhra Pradesh,Anantapur,Anantapur,
India,Andhra Pradesh,Anantapur,Dharmavaram,
India,Andhra Pradesh,Anantapur,Gooty,
India,Andhra Pradesh,Anantapur,Hindupur,
India,Andhra Pradesh,Anantapur,Kadiri,
India,Andhra Pradesh,Anantapur,Kalyandurg,
India,Andhra Pradesh,Anantapur,Madakasira,
India,Andhra Pradesh,Anantapur,Penukonda,
India,Andhra Pradesh,Anantapur,Rayadurg,
India,Andhra Pradesh,Anantapur,Tadpatri,
India,Andhra Pradesh,Chittoor,Chandragiri,
India,Andhra Pradesh,Chittoor,Chittoor,
India,Andhra Pradesh,Chittoor,Kuppam,
India,Andhra Pradesh,Chittoor,Madanapalle,
India,Andhra Pradesh,Chittoor,Palmaner,
India,Andhra Pradesh,Chittoor,Punganuru,
India,Andhra Pradesh,Chittoor,Puttur,
India,Andhra Pradesh,Chittoor,Satyavedu,
India,Andhra Pradesh,Chittoor,Sri Kalahasti,
India,Andhra Pradesh,Chittoor,Vayalipad,
India,Andhra Pradesh,East Godavari,Addatigala,
India,Andhra Pradesh,East Godavari,Amalapuram,
India,Andhra Pradesh,East Godavari,Kakinada,
India,Andhra Pradesh,East Godavari,Kottapeta,
India,Andhra Pradesh,East Godavari,Mummidivaram,
India,Andhra Pradesh,East Godavari,Peddapuram,
India,Andhra Pradesh,East Godavari,Pithapuram,
India,Andhra Pradesh,East Godavari,Prathipadu,
India,Andhra Pradesh,East Godavari,Rajahmundry,
India,Andhra Pradesh,East Godavari,Ramachandrapuram,
India,Andhra Pradesh,East Godavari,Rampa Chodavaram,
India,Andhra Pradesh,East Godavari,Razole,
India,Andhra Pradesh,East Godavari,Tuni,
India,Andhra Pradesh,Guntur,Bapatla,
India,Andhra Pradesh,Guntur,Guntur,
India,Andhra Pradesh,Guntur,Guruzala,
India,Andhra Pradesh,Guntur,Narasaraopet,
India,Andhra Pradesh,Guntur,Repalle,
India,Andhra Pradesh,Guntur,Sattenapalle,
India,Andhra Pradesh,Guntur,Tenali,
India,Andhra Pradesh,Guntur,Vinukonda,
India,Andhra Pradesh,Krishna,Avanigadda,
India,Andhra Pradesh,Krishna,Gannavaram,
India,Andhra Pradesh,Krishna,Gudivada,
India,Andhra Pradesh,Krishna,Jaggayyapeta,
India,Andhra Pradesh,Krishna,Kaikalur,
India,Andhra Pradesh,Krishna,Machilipatnam,
India,Andhra Pradesh,Krishna,Nandigama,
India,Andhra Pradesh,Krishna,Nuzvid,
India,Andhra Pradesh,Krishna,Tiruvuru,
India,Andhra Pradesh,Krishna,Vijayawada,
India,Andhra Pradesh,Kurnool,Adoni,
India,Andhra Pradesh,Kurnool,Allagadda,
India,Andhra Pradesh,Kurnool,Alur,
India,Andhra Pradesh,Kurnool,Atmakur,
India,Andhra Pradesh,Kurnool,Banganapalli,
India,Andhra Pradesh,Kurnool,Dhone,
India,Andhra Pradesh,Kurnool,Koilkuntla,
India,Andhra Pradesh,Kurnool,Kurnool,
India,Andhra Pradesh,Kurnool,Nandikotkur,
India,Andhra Pradesh,Kurnool,Nandyal,
India,Andhra Pradesh,Kurnool,Pattikonda,
India,Andhra Pradesh,Nellore,Atmakur,
India,Andhra Pradesh,Nellore,Gudur,
India,Andhra Pradesh,Nellore,Kavali,
India,Andhra Pradesh,Nellore,Kovvur,
India,Andhra Pradesh,Nellore,Nellore,
India,Andhra Pradesh,Nellore,Rapur,
India,Andhra Pradesh,Nellore,Suluru,
India,Andhra Pradesh,Nellore,Udayagiri,
India,Andhra Pradesh,Nellore,Venkatagiri,
India,Andhra Pradesh,Prakasam,Addanki,
India,Andhra Pradesh,Prakasam,Chirala,
India,Andhra Pradesh,Prakasam,Darsi,
India,Andhra Pradesh,Prakasam,Giddalur,
India,Andhra Pradesh,Prakasam,Kandukur,
India,Andhra Pradesh,Prakasam,Kanigiri,
India,Andhra Pradesh,Prakasam,Markapur,
India,Andhra Pradesh,Prakasam,Ongole,
India,Andhra Pradesh,Prakasam,Podili,
India,Andhra Pradesh,Srikakulam,Chipurupalle,
India,Andhra Pradesh,Srikakulam,Ichchapuram,
India,Andhra Pradesh,Srikakulam,Narsannapeta,
India,Andhra Pradesh,Srikakulam,Palakonda,
India,Andhra Pradesh,Srikakulam,Pathapatnam,
India,Andhra Pradesh,Srikakulam,Sompeta,
India,Andhra Pradesh,Srikakulam,Srikakulam,
India,Andhra Pradesh,Srikakulam,Tekkali,
India,Andhra Pradesh,Visakhapatnam,Anakapalli,
India,Andhra Pradesh,Visakhapatnam,Bhimunipatnam,
India,Andhra Pradesh,Visakhapatnam,Chintapalle,
India,Andhra Pradesh,Visakhapatnam,Chodavaram,
India,Andhra Pradesh,Visakhapatnam,Visakhapatnam,
India,Andhra Pradesh,Visakhapatnam,Narsipatnam,
India,Andhra Pradesh,Visakhapatnam,Paderu,
India,Andhra Pradesh,Visakhapatnam,Vishakhapatnam,
India,Andhra Pradesh,Visakhapatnam,Yellamanchili,
India,Andhra Pradesh,Vizianagaram,Bobbili,
India,Andhra Pradesh,Vizianagaram,Gajapatinagaram,
India,Andhra Pradesh,Vizianagaram,Vizianagaram,
India,Andhra Pradesh,Vizianagaram,Parvathipuram,
India,Andhra Pradesh,Vizianagaram,Puspatirega,
India,Andhra Pradesh,Vizianagaram,Salur,
India,Andhra Pradesh,Vizianagaram,Srungavarapukota,
India,Andhra Pradesh,Vizianagaram,Vizianagaram,
India,Andhra Pradesh,West Godavari,Bhimavaram,
India,Andhra Pradesh,West Godavari,Chintalapudi,
India,Andhra Pradesh,West Godavari,Eluru,
India,Andhra Pradesh,West Godavari,Kovvur,
India,Andhra Pradesh,West Godavari,Narsapur,
India,Andhra Pradesh,West Godavari,Polavaram,
India,Andhra Pradesh,West Godavari,Tadepallegudem,
India,Andhra Pradesh,West Godavari,Tanuku,
India,Andhra Pradesh,Y.S.R.,Badvel,
India,Andhra Pradesh,Y.S.R.,Cuddapah,
India,Andhra Pradesh,Y.S.R.,Jammalamadugu,
India,Andhra Pradesh,Y.S.R.,Kamalapuram,
India,Andhra Pradesh,Y.S.R.,Proddatur,
India,Andhra Pradesh,Y.S.R.,Pulivendla,
India,Andhra Pradesh,Y.S.R.,Rajampet,
India,Andhra Pradesh,Y.S.R.,Rayachoti,
India,Andhra Pradesh,Y.S.R.,Sidhout,
India,Arunachal Pradesh,Anjaw,Tezu,
India,Arunachal Pradesh,Changlang,n.a. ( 347),
India,Arunachal Pradesh,Dibang Valley,Amini,
India,Arunachal Pradesh,East Kameng,Seepa,
India,Arunachal Pradesh,East Siang,Pasighat,
India,Arunachal Pradesh,Kurung Kumey,Itanagar,
India,Arunachal Pradesh,Lohit,Tezu,
India,Arunachal Pradesh,Longding,Tirap,
India,Arunachal Pradesh,Lower Dibang Valley,Amini,
India,Arunachal Pradesh,Lower Subansiri,Itanagar,
India,Arunachal Pradesh,Namsai,Tezu,
India,Arunachal Pradesh,Papum Pare,Itanagar,
India,Arunachal Pradesh,Tawang,Tawang,
India,Arunachal Pradesh,Tirap,Tirap,
India,Arunachal Pradesh,Upper Siang,Along,
India,Arunachal Pradesh,Upper Subansiri,Daporijo,
India,Arunachal Pradesh,West Kameng,Bomdila,
India,Arunachal Pradesh,West Siang,Along,
India,Bihar,Araria,Araria,
India,Bihar,Arwal,Jahanabad,
India,Bihar,Aurangabad,Aurangabad,
India,Bihar,Banka,Banka,
India,Bihar,Begusarai,Begusarai,
India,Bihar,Bhagalpur,Bhagalpur,
India,Bihar,Bhagalpur,Naugachhia,
India,Bihar,Bhojpur,Ara,
India,Bihar,Buxar,Buxar,
India,Bihar,Darbhanga,Benipur,
India,Bihar,Darbhanga,Darbhanga,
India,Bihar,Gaya,Gaya,
India,Bihar,Gopalganj,Gopalganj,
India,Bihar,Jamui,Jamui,
India,Bihar,Jehanabad,Jahanabad,
India,Bihar,Kaimur,Bhabua,
India,Bihar,Katihar,Katihar,
India,Bihar,Khagaria,Khagaria,
India,Bihar,Kishanganj,Kishanganj,
India,Bihar,Lakhisarai,Lakhisarai,
India,Bihar,Madhepura,Kishanganj,
India,Bihar,Madhepura,Madhepura,
India,Bihar,Madhubani,Benipatti,
India,Bihar,Madhubani,Jhanjharpur,
India,Bihar,Madhubani,Madhubani,
India,Bihar,Munger,Munger,
India,Bihar,Muzaffarpur,Muzaffarpur,
India,Bihar,Nalanda,Bihar Sharif,
India,Bihar,Nalanda,Hilsa,
India,Bihar,Nawada,Nawada,
India,Bihar,Pashchim Champaran,Bettiah,
India,Bihar,Patna,Barh,
India,Bihar,Patna,Danapur,
India,Bihar,Patna,Masaurhi,
India,Bihar,Patna,Patna,
India,Bihar,Purba Champaran,Dhaka,
India,Bihar,Purba Champaran,Motihari,
India,Bihar,Purnia,Purnia,
India,Bihar,Rohtas,Sasaram,
India,Bihar,Saharsa,Saharsa,
India,Bihar,Samastipur,Dalsing Sarai,
India,Bihar,Samastipur,Rusera,
India,Bihar,Samastipur,Samastipur,
India,Bihar,Saran,Chhapra,
India,Bihar,Sheikhpura,Sheikhpura,
India,Bihar,Sheohar,Sheohar,
India,Bihar,Sitamarhi,Sitamarhi,
India,Bihar,Siwan,Siwan,
India,Bihar,Supaul,Birpur,
India,Bihar,Supaul,Supaul,
India,Bihar,Vaishali,Hajipur,
India,Chandigarh,Chandigarh,Chandigarh,
India,Chhattisgarh,Baloda Bazar,Baloda Bazar,
India,Chhattisgarh,Baloda Bazar,Bhatapara,
India,Chhattisgarh,Baloda Bazar,Bilaigarh,
India,Chhattisgarh,Baloda Bazar,Kasdol,
India,Chhattisgarh,Baloda Bazar,Simga,
India,Chhattisgarh,Balod,Balod,
India,Chhattisgarh,Balrampur,Ambikapur,
India,Chhattisgarh,Balrampur,Kusmi,
India,Chhattisgarh,Balrampur,Ramanuj Ganj,
India,Chhattisgarh,Bastar,Jagdalpur,
India,Chhattisgarh,Bastar,Bastar,
India,Chhattisgarh,Bemetara,Bemetara,
India,Chhattisgarh,Bijapur,Bijapur,
India,Chhattisgarh,Bilaspur,Bilaspur,
India,Chhattisgarh,Bilaspur,Kota,
India,Chhattisgarh,Bilaspur,Bilaspur,
India,Chhattisgarh,Bilaspur,Pendra Road,
India,Chhattisgarh,Bilaspur,Takhatpur,
India,Chhattisgarh,Dantewada,Dantewara,
India,Chhattisgarh,Dhamtari,Dhamtari,
India,Chhattisgarh,Durg,Durg,
India,Chhattisgarh,Gariaband,Bindra Nawagarh,
India,Chhattisgarh,Janjgir-Champa,Champa,
India,Chhattisgarh,Janjgir-Champa,Janjgir,
India,Chhattisgarh,Janjgir-Champa,Sakti,
India,Chhattisgarh,Jashpur,Bagicha,
India,Chhattisgarh,Jashpur,Jashpurnagar,
India,Chhattisgarh,Jashpur,Pathalgaon,
India,Chhattisgarh,Kabeerdham,Kawardha,
India,Chhattisgarh,Kabeerdham,Pandaria,
India,Chhattisgarh,Kondagaon,Kondagaon,
India,Chhattisgarh,Korba,Katghora,
India,Chhattisgarh,Korba,Korba,
India,Chhattisgarh,Koriya,Baikunthpur,
India,Chhattisgarh,Koriya,Bharatpur,
India,Chhattisgarh,Koriya,Manendragarh,
India,Chhattisgarh,Mahasamund,Mahasamund,
India,Chhattisgarh,Mahasamund,Seraipali,
India,Chhattisgarh,Mungeli,Mungeli,
India,Chhattisgarh,Narayanpur,Narainpur,
India,Chhattisgarh,Raigarh,Dharmjaygarh,
India,Chhattisgarh,Raigarh,Gharghoda,
India,Chhattisgarh,Raigarh,Raigarh,
India,Chhattisgarh,Raigarh,Sarangarh,
India,Chhattisgarh,Raipur,Raipur,
India,Chhattisgarh,Raipur,Rajim,
India,Chhattisgarh,Rajnandgaon,Chhuikhadan,
India,Chhattisgarh,Rajnandgaon,Dongargarh,
India,Chhattisgarh,Rajnandgaon,Khairagarh,
India,Chhattisgarh,Rajnandgaon,Raj Nandgaon,
India,Chhattisgarh,Sukma,Konta,
India,Chhattisgarh,Surajpur,Partabpur,
India,Chhattisgarh,Surajpur,Surajpur,
India,Chhattisgarh,Surguja,Ambikapur,
India,Chhattisgarh,Surguja,Lundra,
India,Chhattisgarh,Surguja,Sitapur,
India,Chhattisgarh,Uttar Bastar Kanker,Bhanupratappur,
India,Chhattisgarh,Uttar Bastar Kanker,Kanker,
India,Chhattisgarh,Uttar Bastar Kanker,Uttar Bastar Kanker,
India,Chhattisgarh,Uttar Bastar Kanker,Pakhanjur,
India,Dadra and Nagar Haveli,Dadra and Nagar Haveli,Silvassa,
India,Daman and Diu,Daman,Daman,
India,Daman and Diu,Diu,Diu,
India,Goa,North Goa,Dicholi,
India,Goa,North Goa,Mapuca,
India,Goa,North Goa,North Goa,
India,Goa,North Goa,Panaji,
India,Goa,North Goa,Pernem,
India,Goa,North Goa,Ponda,
India,Goa,North Goa,Valpoy,
India,Goa,South Goa,Chauri,
India,Goa,South Goa,Madgaon,
India,Goa,South Goa,Quepem,
India,Goa,South Goa,Sambaji,
India,Goa,South Goa,Sanguem,
India,Gujarat,Ahmadabad,Ahmadabad,
India,Gujarat,Ahmadabad,Dhandhuka,
India,Gujarat,Ahmadabad,Dholka,
India,Gujarat,Ahmadabad,Sanand,
India,Gujarat,Ahmadabad,Viramgam,
India,Gujarat,Amreli,Amreli,
India,Gujarat,Amreli,Babra,
India,Gujarat,Amreli,Dhari,
India,Gujarat,Amreli,Jafarabad,
India,Gujarat,Amreli,Khambha,
India,Gujarat,Amreli,Kundla,
India,Gujarat,Amreli,Lathi,
India,Gujarat,Amreli,Lilia,
India,Gujarat,Amreli,Rajula,
India,Gujarat,Amreli,Vadia,
India,Gujarat,Anand,Anand,
India,Gujarat,Anand,Borsad,
India,Gujarat,Anand,Khambhat,
India,Gujarat,Anand,Petlad,
India,Gujarat,Aravalli,Bayad,
India,Gujarat,Aravalli,Bhiloda,
India,Gujarat,Aravalli,Meghraj,
India,Gujarat,Aravalli,Modasa,
India,Gujarat,Banas Kantha,Danta,
India,Gujarat,Banas Kantha,Dhanera,
India,Gujarat,Banas Kantha,Disa,
India,Gujarat,Banas Kantha,Diyodar,
India,Gujarat,Banas Kantha,Kankrej,
India,Gujarat,Banas Kantha,Palanpur,
India,Gujarat,Banas Kantha,Tharad,
India,Gujarat,Banas Kantha,Vadgam,
India,Gujarat,Banas Kantha,Vav,
India,Gujarat,Bharuch,Amod,
India,Gujarat,Bharuch,Ankleshwar,
India,Gujarat,Bharuch,Bharuch,
India,Gujarat,Bharuch,Hansot Mahal,
India,Gujarat,Bharuch,Jambusar,
India,Gujarat,Bharuch,Jhagadia,
India,Gujarat,Bharuch,Vagra,
India,Gujarat,Bharuch,Valia,
India,Gujarat,Bhavnagar,Bhavnagar,
India,Gujarat,Bhavnagar,Gariyadhar,
India,Gujarat,Bhavnagar,Ghogha,
India,Gujarat,Bhavnagar,Mahuva,
India,Gujarat,Bhavnagar,Palitana,
India,Gujarat,Bhavnagar,Sihor,
India,Gujarat,Bhavnagar,Talaja,
India,Gujarat,Bhavnagar,Umrala,
India,Gujarat,Bhavnagar,Valabhipur,
India,Gujarat,Botad,Botad,
India,Gujarat,Botad,Gadhada,
India,Gujarat,Chhota Udaipur,Chhota Udaipur,
India,Gujarat,Chhota Udaipur,Jetpur Pavi,
India,Gujarat,Chhota Udaipur,Naswadi,
India,Gujarat,Chhota Udaipur,Sankheda,
India,Gujarat,Chhota Udaipur,Tilakwada,
India,Gujarat,Dahod,Dahod,
India,Gujarat,Dahod,Devgadh Bariya,
India,Gujarat,Dahod,Jhalod,
India,Gujarat,Dahod,Limkheda,
India,Gujarat,Devbhumi Dwarka,Bhanvad,
India,Gujarat,Devbhumi Dwarka,Dwarka,
India,Gujarat,Devbhumi Dwarka,Kalyanpur,
India,Gujarat,Devbhumi Dwarka,Khambhaliya,
India,Gujarat,Gandhinagar,Dahegam,
India,Gujarat,Gandhinagar,Gandhinagar,
India,Gujarat,Gandhinagar,Kalol,
India,Gujarat,Gir Somnath,Kodinar,
India,Gujarat,Gir Somnath,Talala,
India,Gujarat,Gir Somnath,Veraval,
India,Gujarat,Jamnagar,Dhrol,
India,Gujarat,Jamnagar,Jam Jodhpur,
India,Gujarat,Jamnagar,Jamnagar,
India,Gujarat,Jamnagar,Jodiya,
India,Gujarat,Jamnagar,Kalavad,
India,Gujarat,Jamnagar,Lalpur,
India,Gujarat,Junagadh,Bhesan,
India,Gujarat,Junagadh,Junagadh,
India,Gujarat,Junagadh,Keshod,
India,Gujarat,Junagadh,Maliya,
India,Gujarat,Junagadh,Manavadar,
India,Gujarat,Junagadh,Mangrol,
India,Gujarat,Junagadh,Mendarda,
India,Gujarat,Junagadh,Una,
India,Gujarat,Junagadh,Vanthli,
India,Gujarat,Junagadh,Visavadar,
India,Gujarat,Kachchh,Anjar,
India,Gujarat,Kachchh,Bhachau,
India,Gujarat,Kachchh,Bhuj,
India,Gujarat,Kachchh,Lakhpat,
India,Gujarat,Kachchh,Mandvi,
India,Gujarat,Kachchh,Mundra,
India,Gujarat,Kachchh,Kachchh,
India,Gujarat,Kachchh,Nakhtarana,
India,Gujarat,Kachchh,Naliya,
India,Gujarat,Kachchh,Rapar,
India,Gujarat,Kheda,Kapadvanj,
India,Gujarat,Kheda,Mahemdavad,
India,Gujarat,Kheda,Matar,
India,Gujarat,Kheda,Nadiad,
India,Gujarat,Kheda,Thasra,
India,Gujarat,Kheda,Vadasinor,
India,Gujarat,Mahesana,Chanasma,
India,Gujarat,Mahesana,Kadi,
India,Gujarat,Mahesana,Kheralu,
India,Gujarat,Mahesana,Mahesana,
India,Gujarat,Mahesana,Vijapur,
India,Gujarat,Mahesana,Visnagar,
India,Gujarat,Mahisagar,Lunavada,
India,Gujarat,Mahisagar,Santrampur,
India,Gujarat,Morbi,Halvad,
India,Gujarat,Morbi,Maliya Miyana,
India,Gujarat,Morbi,Morbi,
India,Gujarat,Morbi,Wankaner,
India,Gujarat,Narmada,Dediapada,
India,Gujarat,Narmada,Rajpipla,
India,Gujarat,Narmada,Sagbara,
India,Gujarat,Navsari,Chikhli,
India,Gujarat,Navsari,Gandevi,
India,Gujarat,Navsari,Navsari,
India,Gujarat,Navsari,Vansada,
India,Gujarat,Panch Mahals,Godhra,
India,Gujarat,Panch Mahals,Halol,
India,Gujarat,Panch Mahals,Jambughoda,
India,Gujarat,Panch Mahals,Kalol,
India,Gujarat,Panch Mahals,Shehera,
India,Gujarat,Patan,Harij,
India,Gujarat,Patan,Patan,
India,Gujarat,Patan,Radhanpur,
India,Gujarat,Patan,Sami,
India,Gujarat,Patan,Santalpur,
India,Gujarat,Patan,Siddhapur,
India,Gujarat,Porbandar,Kutiyana,
India,Gujarat,Porbandar,Porbandar,
India,Gujarat,Porbandar,Ranavav,
India,Gujarat,Rajkot,Dhoraji,
India,Gujarat,Rajkot,Gondal,
India,Gujarat,Rajkot,Jam Kandorna,
India,Gujarat,Rajkot,Jasdan,
India,Gujarat,Rajkot,Jetpur,
India,Gujarat,Rajkot,Kotda Sangani,
India,Gujarat,Rajkot,Lodhi ka Mahal,
India,Gujarat,Rajkot,Padadhari,
India,Gujarat,Rajkot,Rajkot,
India,Gujarat,Rajkot,Upleta,
India,Gujarat,Sabar Kantha,Himatnagar,
India,Gujarat,Sabar Kantha,Idar,
India,Gujarat,Sabar Kantha,Khed Brahma,
India,Gujarat,Sabar Kantha,Prantij,
India,Gujarat,Sabar Kantha,Vijayanagar,
India,Gujarat,Surat,Bardoli,
India,Gujarat,Surat,Chorasi,
India,Gujarat,Surat,Kamrej,
India,Gujarat,Surat,Mahuva,
India,Gujarat,Surat,Mandvi,
India,Gujarat,Surat,Mangrol,
India,Gujarat,Surat,Surat,
India,Gujarat,Surat,Olpad,
India,Gujarat,Surat,Palsana,
India,Gujarat,Surendranagar,Chotila,
India,Gujarat,Surendranagar,Dasada,
India,Gujarat,Surendranagar,Dhrangadhra,
India,Gujarat,Surendranagar,Lakhtar,
India,Gujarat,Surendranagar,Limbdi,
India,Gujarat,Surendranagar,Muli,
India,Gujarat,Surendranagar,Sayla,
India,Gujarat,Surendranagar,Wadhwan,
India,Gujarat,Tapi,Nijhar,
India,Gujarat,Tapi,Songadh,
India,Gujarat,Tapi,Uchchhal,
India,Gujarat,Tapi,Valod,
India,Gujarat,Tapi,Vyara,
India,Gujarat,The Dangs,Ahwa,
India,Gujarat,Vadodara,Dabhoi,
India,Gujarat,Vadodara,Karjan,
India,Gujarat,Vadodara,Padra,
India,Gujarat,Vadodara,Savli,
India,Gujarat,Vadodara,Sinor,
India,Gujarat,Vadodara,Vadodara,
India,Gujarat,Vadodara,Waghoriya,
India,Gujarat,Valsad,Dharampur,
India,Gujarat,Valsad,Pardi,
India,Gujarat,Valsad,Umargam,
India,Gujarat,Valsad,Valsad,
India,Haryana,Ambala,Ambala,
India,Haryana,Ambala,Narayangarh,
India,Haryana,Bhiwani,Bawani Khera,
India,Haryana,Bhiwani,Bhiwani,
India,Haryana,Bhiwani,Dadri,
India,Haryana,Bhiwani,Loharu,
India,Haryana,Bhiwani,Siwani,
India,Haryana,Faridabad,Faridabad,
India,Haryana,Faridabad,Hathin,
India,Haryana,Fatehabad,Fatehabad,
India,Haryana,Fatehabad,Ratia,
India,Haryana,Fatehabad,Tohana,
India,Haryana,Gurgaon,Gurgaon,
India,Haryana,Gurgaon,Pataudi,
India,Haryana,Hisar,Hansi,
India,Haryana,Hisar,Hisar,
India,Haryana,Jhajjar,Bahadurgarh,
India,Haryana,Jhajjar,Jhajjar,
India,Haryana,Jhajjar,Kosli,
India,Haryana,Jind,Jind,
India,Haryana,Jind,Narwana,
India,Haryana,Jind,Safidon,
India,Haryana,Kaithal,Gulha,
India,Haryana,Kaithal,Kaithal,
India,Haryana,Karnal,Asandh,
India,Haryana,Karnal,Karnal,
India,Haryana,Kurukshetra,Pehowa,
India,Haryana,Kurukshetra,Thanesar,
India,Haryana,Mahendragarh,Mahendragarh,
India,Haryana,Mahendragarh,Narnaul,
India,Haryana,Mewat,Firozpur Jhirka,
India,Haryana,Mewat,Nuh,
India,Haryana,Palwal,Palwal,
India,Haryana,Panchkula,Kalka,
India,Haryana,Panipat,Panipat,
India,Haryana,Rewari,Bawal,
India,Haryana,Rewari,Rewari,
India,Haryana,Rohtak,Maham,
India,Haryana,Rohtak,Rohtak,
India,Haryana,Sirsa,Dabwali,
India,Haryana,Sirsa,Sirsa,
India,Haryana,Sonipat,Ganaur,
India,Haryana,Sonipat,Gohana,
India,Haryana,Sonipat,Sonipat,
India,Haryana,Yamunanagar,Jagadhri,
India,Himachal Pradesh,Bilaspur,Bilaspur,
India,Himachal Pradesh,Bilaspur,Ghumarwin,
India,Himachal Pradesh,Chamba,Brahmaur,
India,Himachal Pradesh,Chamba,Chamba,
India,Himachal Pradesh,Chamba,Chaurah,
India,Himachal Pradesh,Chamba,Dalhousie,
India,Himachal Pradesh,Chamba,Pangi,
India,Himachal Pradesh,Chamba,Saluni,
India,Himachal Pradesh,Hamirpur,Barsar,
India,Himachal Pradesh,Hamirpur,Bhoranj,
India,Himachal Pradesh,Hamirpur,Hamirpur,
India,Himachal Pradesh,Hamirpur,Nadaun,
India,Himachal Pradesh,Kangra,Baijnath,
India,Himachal Pradesh,Kangra,Baroh,
India,Himachal Pradesh,Kangra,Dera Gopipur,
India,Himachal Pradesh,Kangra,Dharmshala,
India,Himachal Pradesh,Kangra,Indora,
India,Himachal Pradesh,Kangra,Jaisinghpur,
India,Himachal Pradesh,Kangra,Jawali,
India,Himachal Pradesh,Kangra,Kangra,
India,Himachal Pradesh,Kangra,Kangra,
India,Himachal Pradesh,Kangra,Nurpur,
India,Himachal Pradesh,Kangra,Palampur,
India,Himachal Pradesh,Kinnaur,Kalpa,
India,Himachal Pradesh,Kinnaur,Morang,
India,Himachal Pradesh,Kinnaur,Kinnaur,
India,Himachal Pradesh,Kinnaur,Nichar,
India,Himachal Pradesh,Kinnaur,Puh,
India,Himachal Pradesh,Kinnaur,Sangla,
India,Himachal Pradesh,Kullu,Ani,
India,Himachal Pradesh,Kullu,Banjar,
India,Himachal Pradesh,Kullu,Kullu,
India,Himachal Pradesh,Kullu,Nermand,
India,Himachal Pradesh,Lahul & Spiti,Kyelang,
India,Himachal Pradesh,Lahul & Spiti,Spiti,
India,Himachal Pradesh,Mandi,Chachyot,
India,Himachal Pradesh,Mandi,Jogindarnagar,
India,Himachal Pradesh,Mandi,Karsog,
India,Himachal Pradesh,Mandi,Mandi,
India,Himachal Pradesh,Mandi,Sarkaghat,
India,Himachal Pradesh,Mandi,Sundarnagar,
India,Himachal Pradesh,Mandi,Thunag,
India,Himachal Pradesh,Shimla,Chaupal,
India,Himachal Pradesh,Shimla,Jubbal,
India,Himachal Pradesh,Shimla,Kotkhai,
India,Himachal Pradesh,Shimla,Kumharsain,
India,Himachal Pradesh,Shimla,Rampur,
India,Himachal Pradesh,Shimla,Rohru,
India,Himachal Pradesh,Shimla,Shimla,
India,Himachal Pradesh,Shimla,Suni,
India,Himachal Pradesh,Shimla,Theog,
India,Himachal Pradesh,Sirmaur,Nahan,
India,Himachal Pradesh,Sirmaur,Pachhad,
India,Himachal Pradesh,Sirmaur,Paonta,
India,Himachal Pradesh,Sirmaur,Rajgarh,
India,Himachal Pradesh,Sirmaur,Renuka,
India,Himachal Pradesh,Sirmaur,Shilla,
India,Himachal Pradesh,Solan,Arki,
India,Himachal Pradesh,Solan,Kandaghat,
India,Himachal Pradesh,Solan,Kasauli,
India,Himachal Pradesh,Solan,Nalagarh,
India,Himachal Pradesh,Solan,Solan,
India,Himachal Pradesh,Una,Amb,
India,Himachal Pradesh,Una,Una,
India,Jharkhand,Bokaro,Bermo,
India,Jharkhand,Bokaro,Bokaro,
India,Jharkhand,Chatra,Chatra,
India,Jharkhand,Deoghar,Devghar,
India,Jharkhand,Dhanbad,Baghmara,
India,Jharkhand,Dhanbad,Dhanbad,
India,Jharkhand,Dumka,Dumka,
India,Jharkhand,Garhwa,Garhwa,
India,Jharkhand,Giridih,Giridih,
India,Jharkhand,Godda,Godda,
India,Jharkhand,Gumla,Gumla,
India,Jharkhand,Hazaribagh,Hazaribag,
India,Jharkhand,Jamtara,Jamtara,
India,Jharkhand,Khunti,Khunti,
India,Jharkhand,Kodarma,Kodarma,
India,Jharkhand,Latehar,Latehar,
India,Jharkhand,Lohardaga,Lohardaga,
India,Jharkhand,Pakur,Pakaur,
India,Jharkhand,Palamu,Daltenganj,
India,Jharkhand,Pashchimi Singhbhum,Chaibasa,
India,Jharkhand,Pashchimi Singhbhum,Chakradharpur,
India,Jharkhand,Purbi Singhbhum,Jamshedpur,
India,Jharkhand,Ramgarh,Hazaribag,
India,Jharkhand,Ranchi,Khunti,
India,Jharkhand,Ranchi,Ranchi,
India,Jharkhand,Sahibganj,Sahibganj,
India,Jharkhand,Saraikela-kharsawan,Saraikela,
India,Jharkhand,Simdega,Simdega,
India,Karnataka,Bagalkot,Badami,
India,Karnataka,Bagalkot,Bagalkot,
India,Karnataka,Bagalkot,Bilgi,
India,Karnataka,Bagalkot,Hungund,
India,Karnataka,Bagalkot,Jamkhandi,
India,Karnataka,Bagalkot,Mudhol,
India,Karnataka,Bangalore Rural,Devanhalli,
India,Karnataka,Bangalore Rural,Dod Ballapur,
India,Karnataka,Bangalore Rural,Hoskote,
India,Karnataka,Bangalore Rural,Nelamangala,
India,Karnataka,Bangalore,Anekal,
India,Karnataka,Bangalore,Bangalore,
India,Karnataka,Belgaum,Athni,
India,Karnataka,Belgaum,Bail Hongal,
India,Karnataka,Belgaum,Belgaum,
India,Karnataka,Belgaum,Chikodi,
India,Karnataka,Belgaum,Gokak,
India,Karnataka,Belgaum,Hukeri,
India,Karnataka,Belgaum,Khanapur,
India,Karnataka,Belgaum,Ramdurg,
India,Karnataka,Belgaum,Raybag,
India,Karnataka,Belgaum,Saundatti,
India,Karnataka,Bellary,Bellary,
India,Karnataka,Bellary,Hagaribommanahalli,
India,Karnataka,Bellary,Hospet,
India,Karnataka,Bellary,Huvvinahadagalli,
India,Karnataka,Bellary,Kudligi,
India,Karnataka,Bellary,Sandur,
India,Karnataka,Bellary,Siruguppa,
India,Karnataka,Bidar,Aurad,
India,Karnataka,Bidar,Basavakalyan,
India,Karnataka,Bidar,Bhalki,
India,Karnataka,Bidar,Bidar,
India,Karnataka,Bidar,Homnabad,
India,Karnataka,Bijapur,Basavana Bagevadi,
India,Karnataka,Bijapur,Bijapur,
India,Karnataka,Bijapur,Indi,
India,Karnataka,Bijapur,Muddebihal,
India,Karnataka,Bijapur,Sindgi,
India,Karnataka,Chamrajnagar,Chamrajnagar,
India,Karnataka,Chamrajnagar,Gundlupet,
India,Karnataka,Chamrajnagar,Kollegal,
India,Karnataka,Chamrajnagar,Yelandur,
India,Karnataka,Chikballapura,Bagepalli,
India,Karnataka,Chikballapura,Chik Ballapur,
India,Karnataka,Chikballapura,Chintamani,
India,Karnataka,Chikballapura,Gauribidanur,
India,Karnataka,Chikballapura,Gudibanda,
India,Karnataka,Chikballapura,Sidlaghatta,
India,Karnataka,Chikmagalur,Chikmagalur,
India,Karnataka,Chikmagalur,Kadur,
India,Karnataka,Chikmagalur,Koppa,
India,Karnataka,Chikmagalur,Mudigere,
India,Karnataka,Chikmagalur,Narasimharajapura,
India,Karnataka,Chikmagalur,Sringeri,
India,Karnataka,Chikmagalur,Tarikere,
India,Karnataka,Chitradurga,Challakere,
India,Karnataka,Chitradurga,Chitradurga,
India,Karnataka,Chitradurga,Hiriyur,
India,Karnataka,Chitradurga,Holalkere,
India,Karnataka,Chitradurga,Hosdurga,
India,Karnataka,Chitradurga,Molakalmuru,
India,Karnataka,Dakshina Kannada,Bantval,
India,Karnataka,Dakshina Kannada,Beltangadi,
India,Karnataka,Dakshina Kannada,Mangalore,
India,Karnataka,Dakshina Kannada,Puttur,
India,Karnataka,Dakshina Kannada,Sulya,
India,Karnataka,Davanagere,Bhadravati,
India,Karnataka,Davanagere,Channagiri,
India,Karnataka,Davanagere,Davangere,
India,Karnataka,Davanagere,Harihar,
India,Karnataka,Davanagere,Harpanahalli,
India,Karnataka,Davanagere,Honnali,
India,Karnataka,Davanagere,Jagalur,
India,Karnataka,Dharwad,Dharwad,
India,Karnataka,Dharwad,Hubli,
India,Karnataka,Dharwad,Kalghatgi,
India,Karnataka,Dharwad,Kundgol,
India,Karnataka,Dharwad,Navalgund,
India,Karnataka,Gadag,Gadag,
India,Karnataka,Gadag,Mundargi,
India,Karnataka,Gadag,Nargund,
India,Karnataka,Gadag,Ron,
India,Karnataka,Gadag,Shirhatti,
India,Karnataka,Gulbarga,Afzalpur,
India,Karnataka,Gulbarga,Aland,
India,Karnataka,Gulbarga,Chincholi,
India,Karnataka,Gulbarga,Chitapur,
India,Karnataka,Gulbarga,Gulbarga,
India,Karnataka,Gulbarga,Jevargi,
India,Karnataka,Gulbarga,Seram,
India,Karnataka,Hassan,Alur,
India,Karnataka,Hassan,Arkalgud,
India,Karnataka,Hassan,Arsikere,
India,Karnataka,Hassan,Belur,
India,Karnataka,Hassan,Channarayapatna,
India,Karnataka,Hassan,Hassan,
India,Karnataka,Hassan,Holenarsipur,
India,Karnataka,Hassan,Sakleshpur,
India,Karnataka,Haveri,Byadgi,
India,Karnataka,Haveri,Hangal,
India,Karnataka,Haveri,Haveri,
India,Karnataka,Haveri,Hirekerur,
India,Karnataka,Haveri,Ranibennur,
India,Karnataka,Haveri,Savanur,
India,Karnataka,Haveri,Shiggaon,
India,Karnataka,Kodagu,Madikeri,
India,Karnataka,Kodagu,Somvarpet,
India,Karnataka,Kodagu,Virarajendrapet,
India,Karnataka,Kolar,Bangarapet,
India,Karnataka,Kolar,Kolar,
India,Karnataka,Kolar,Malur,
India,Karnataka,Kolar,Mulbagal,
India,Karnataka,Kolar,Srinivaspur,
India,Karnataka,Koppal,Gangawati,
India,Karnataka,Koppal,Koppal,
India,Karnataka,Koppal,Kushtagi,
India,Karnataka,Koppal,Yelbarga,
India,Karnataka,Mandya,Krishnarajpet,
India,Karnataka,Mandya,Maddur,
India,Karnataka,Mandya,Malavalli,
India,Karnataka,Mandya,Mandya,
India,Karnataka,Mandya,Nagamangala,
India,Karnataka,Mandya,Pandavapura,
India,Karnataka,Mandya,Shrirangapattana,
India,Karnataka,Mysore,Heggadadevankote,
India,Karnataka,Mysore,Hunsur,
India,Karnataka,Mysore,Krishnarajanagara,
India,Karnataka,Mysore,Mysore,
India,Karnataka,Mysore,Nanjangud,
India,Karnataka,Mysore,Piriyapatna,
India,Karnataka,Mysore,Tirumakudal Narsipur,
India,Karnataka,Raichur,Deodrug,
India,Karnataka,Raichur,Lingsugur,
India,Karnataka,Raichur,Manvi,
India,Karnataka,Raichur,Raichur,
India,Karnataka,Raichur,Sindhnur,
India,Karnataka,Ramanagara,Channapatna,
India,Karnataka,Ramanagara,Kanakapura,
India,Karnataka,Ramanagara,Magadi,
India,Karnataka,Ramanagara,Ramanagaram,
India,Karnataka,Shimoga,Hosanagara,
India,Karnataka,Shimoga,Sagar,
India,Karnataka,Shimoga,Shikarpur,
India,Karnataka,Shimoga,Shimoga,
India,Karnataka,Shimoga,Sorab,
India,Karnataka,Shimoga,Tirthalli,
India,Karnataka,Tumkur,Chiknayakanhalli,
India,Karnataka,Tumkur,Gubbi,
India,Karnataka,Tumkur,Koratagere,
India,Karnataka,Tumkur,Kunigal,
India,Karnataka,Tumkur,Madhugiri,
India,Karnataka,Tumkur,Pavagada,
India,Karnataka,Tumkur,Sira,
India,Karnataka,Tumkur,Tiptur,
India,Karnataka,Tumkur,Tumkur,
India,Karnataka,Tumkur,Turuvekere,
India,Karnataka,Udupi,Karkal,
India,Karnataka,Udupi,Kundapura,
India,Karnataka,Udupi,Udupi,
India,Karnataka,Uttara Kannada,Ankola,
India,Karnataka,Uttara Kannada,Bhatkal,
India,Karnataka,Uttara Kannada,Haliyal,
India,Karnataka,Uttara Kannada,Honavar,
India,Karnataka,Uttara Kannada,Karwar,
India,Karnataka,Uttara Kannada,Kumta,
India,Karnataka,Uttara Kannada,Mundgod,
India,Karnataka,Uttara Kannada,Siddapur,
India,Karnataka,Uttara Kannada,Sirsi,
India,Karnataka,Uttara Kannada,Supa,
India,Karnataka,Uttara Kannada,Yellapur,
India,Karnataka,Yadgir,Shahpur,
India,Karnataka,Yadgir,Shorapur,
India,Karnataka,Yadgir,Yadgir,
India,Kerala,Alappuzha,Alleppey,
India,Kerala,Alappuzha,Chengannur,
India,Kerala,Alappuzha,Haripad,
India,Kerala,Alappuzha,Mankombu,
India,Kerala,Alappuzha,Mavelikara,
India,Kerala,Alappuzha,Alappuzha,
India,Kerala,Alappuzha,Shertallai,
India,Kerala,Ernakulam,Alwaye,
India,Kerala,Ernakulam,Cochin,
India,Kerala,Ernakulam,Ernakulam,
India,Kerala,Ernakulam,Kotamangalam,
India,Kerala,Ernakulam,Muvattupula,
India,Kerala,Ernakulam,Parur,
India,Kerala,Ernakulam,Perumbavur,
India,Kerala,Idukki,Devikolam,
India,Kerala,Idukki,Pirmed,
India,Kerala,Idukki,Todupulai,
India,Kerala,Idukki,Udumbanchola,
India,Kerala,Kannur,Cannanore,
India,Kerala,Kannur,Talipparamba,
India,Kerala,Kannur,Tellicherry,
India,Kerala,Kasaragod,Hosdurg,
India,Kerala,Kasaragod,Kasaragod,
India,Kerala,Kollam,Karunagapalli,
India,Kerala,Kollam,Kottarakara,
India,Kerala,Kollam,Kunnattur,
India,Kerala,Kollam,Punalur,
India,Kerala,Kollam,Quilon,
India,Kerala,Kottayam,Changanacheri,
India,Kerala,Kottayam,Kanjirapalli,
India,Kerala,Kottayam,Kottayam,
India,Kerala,Kottayam,Pala (Lalam),
India,Kerala,Kottayam,Vaikam,
India,Kerala,Kozhikode,Kozhikode,
India,Kerala,Kozhikode,Mahe,
India,Kerala,Kozhikode,Quilandi,
India,Kerala,Malappuram,Malappuram,
India,Kerala,Malappuram,Perintalmanna,
India,Kerala,Malappuram,Ponnani,
India,Kerala,Malappuram,Tirur,
India,Kerala,Palakkad,Alattur,
India,Kerala,Palakkad,Chittur,
India,Kerala,Palakkad,Mannarkkad,
India,Kerala,Palakkad,Ottappalam,
India,Kerala,Palakkad,Palghat,
India,Kerala,Pathanamthitta,Adur,
India,Kerala,Pathanamthitta,Mallapalli,
India,Kerala,Pathanamthitta,Pathanamthitta,
India,Kerala,Pathanamthitta,Rani,
India,Kerala,Pathanamthitta,Tiruvalla,
India,Kerala,Thiruvananthapuram,Chirayinkil,
India,Kerala,Thiruvananthapuram,Nedumangad,
India,Kerala,Thiruvananthapuram,Neyyattinkara,
India,Kerala,Thiruvananthapuram,Trivandrum,
India,Kerala,Thrissur,Chavakkad,
India,Kerala,Thrissur,Irinjalakuda,
India,Kerala,Thrissur,Kodungallur,
India,Kerala,Thrissur,Trichur,
India,Kerala,Thrissur,Vadakkancheri,
India,Kerala,Wayanad,Manantavadi,
India,Kerala,Wayanad,Sultans Battery,
India,Kerala,Wayanad,Vayittiri,
India,Lakshadweep,Lakshadweep,Amini Island,
India,Lakshadweep,Lakshadweep,Androth Island,
India,Lakshadweep,Lakshadweep,Kavaratti,
India,Lakshadweep,Lakshadweep,Minicoy Island,
India,Lakshadweep,Lakshadweep,Lakshadweep,
India,Madhya Pradesh,Agar Malwa,Agar,
India,Madhya Pradesh,Agar Malwa,Susner,
India,Madhya Pradesh,Alirajpur,Alirajpur,
India,Madhya Pradesh,Alirajpur,Jobat,
India,Madhya Pradesh,Anuppur,Anuppur,
India,Madhya Pradesh,Ashoknagar,Ashoknagar,
India,Madhya Pradesh,Ashoknagar,Chanderi,
India,Madhya Pradesh,Ashoknagar,Mungaoli,
India,Madhya Pradesh,Balaghat,Baihar,
India,Madhya Pradesh,Balaghat,Balaghat,
India,Madhya Pradesh,Balaghat,Lanji,
India,Madhya Pradesh,Balaghat,Waraseoni,
India,Madhya Pradesh,Barwani,Barwani,
India,Madhya Pradesh,Barwani,Pansemal,
India,Madhya Pradesh,Barwani,Rajpur,
India,Madhya Pradesh,Barwani,Sendhwa,
India,Madhya Pradesh,Betul,Betul,
India,Madhya Pradesh,Betul,Bhainsdehi,
India,Madhya Pradesh,Betul,Multai,
India,Madhya Pradesh,Bhind,Bhind,
India,Madhya Pradesh,Bhind,Gohad,
India,Madhya Pradesh,Bhind,Lahar,
India,Madhya Pradesh,Bhind,Mahgawan,
India,Madhya Pradesh,Bhopal,Berasia,
India,Madhya Pradesh,Bhopal,Bhopal,
India,Madhya Pradesh,Burhanpur,Burhanpur,
India,Madhya Pradesh,Chhatarpur,Bijawar,
India,Madhya Pradesh,Chhatarpur,Chhatarpur,
India,Madhya Pradesh,Chhatarpur,Lauri,
India,Madhya Pradesh,Chhindwara,Amarwara,
India,Madhya Pradesh,Chhindwara,Chhindwara,
India,Madhya Pradesh,Chhindwara,Parasia,
India,Madhya Pradesh,Chhindwara,Sausar,
India,Madhya Pradesh,Damoh,Damoh,
India,Madhya Pradesh,Damoh,Hatta,
India,Madhya Pradesh,Datia,Bhander,
India,Madhya Pradesh,Datia,Datia,
India,Madhya Pradesh,Datia,Seondha,
India,Madhya Pradesh,Dewas,Bagli,
India,Madhya Pradesh,Dewas,Dewas,
India,Madhya Pradesh,Dewas,Kannod,
India,Madhya Pradesh,Dewas,Khategaon,
India,Madhya Pradesh,Dewas,Sonkach,
India,Madhya Pradesh,Dhar,Badnawar,
India,Madhya Pradesh,Dhar,Dhar,
India,Madhya Pradesh,Dhar,Kukshi,
India,Madhya Pradesh,Dhar,Manawar,
India,Madhya Pradesh,Dhar,Sardarpur,
India,Madhya Pradesh,Dindori,Dindori,
India,Madhya Pradesh,East Nimar,Harsud,
India,Madhya Pradesh,East Nimar,Khandwa,
India,Madhya Pradesh,Guna,Chachaura,
India,Madhya Pradesh,Guna,Guna,
India,Madhya Pradesh,Guna,Raghogarh,
India,Madhya Pradesh,Gwalior,Dabra,
India,Madhya Pradesh,Gwalior,Gwalior,
India,Madhya Pradesh,Harda,Harda,
India,Madhya Pradesh,Hoshangabad,Babai,
India,Madhya Pradesh,Hoshangabad,Hoshangabad,
India,Madhya Pradesh,Hoshangabad,Itarsi,
India,Madhya Pradesh,Hoshangabad,Piparia,
India,Madhya Pradesh,Hoshangabad,Seonimalwa,
India,Madhya Pradesh,Hoshangabad,Sohagpur,
India,Madhya Pradesh,Indore,Depalpur,
India,Madhya Pradesh,Indore,Indore,
India,Madhya Pradesh,Indore,Mhow,
India,Madhya Pradesh,Indore,Sanwer,
India,Madhya Pradesh,Jabalpur,Jabalpur,
India,Madhya Pradesh,Jabalpur,Patan,
India,Madhya Pradesh,Jhabua,Jhabua,
India,Madhya Pradesh,Jhabua,Petlawad,
India,Madhya Pradesh,Jhabua,Thandla,
India,Madhya Pradesh,Katni,Murwara,
India,Madhya Pradesh,Katni,Sihora,
India,Madhya Pradesh,Mandla,Mandla,
India,Madhya Pradesh,Mandla,Niwas,
India,Madhya Pradesh,Mandsaur,Bhanpura,
India,Madhya Pradesh,Mandsaur,Garot,
India,Madhya Pradesh,Mandsaur,Malhargarh,
India,Madhya Pradesh,Mandsaur,Mandsaur,
India,Madhya Pradesh,Mandsaur,Sitamau,
India,Madhya Pradesh,Morena,Ambah,
India,Madhya Pradesh,Morena,Jora,
India,Madhya Pradesh,Morena,Morena,
India,Madhya Pradesh,Morena,Sabalgarh,
India,Madhya Pradesh,Narsimhapur,Gadarwara,
India,Madhya Pradesh,Narsimhapur,Narsimhapur,
India,Madhya Pradesh,Neemuch,Jawad,
India,Madhya Pradesh,Neemuch,Manasa,
India,Madhya Pradesh,Neemuch,Nimach,
India,Madhya Pradesh,Panna,Ajaigarh,
India,Madhya Pradesh,Panna,Panna,
India,Madhya Pradesh,Panna,Pawai,
India,Madhya Pradesh,Raisen,Bareli,
India,Madhya Pradesh,Raisen,Begamganj,
India,Madhya Pradesh,Raisen,Gairatganj,
India,Madhya Pradesh,Raisen,Goharganj,
India,Madhya Pradesh,Raisen,Raisen,
India,Madhya Pradesh,Raisen,Silvani,
India,Madhya Pradesh,Raisen,Udaipura,
India,Madhya Pradesh,Rajgarh,Biaora,
India,Madhya Pradesh,Rajgarh,Khilchipur,
India,Madhya Pradesh,Rajgarh,Narsinghgarh,
India,Madhya Pradesh,Rajgarh,Rajgarh,
India,Madhya Pradesh,Rajgarh,Sarangpur,
India,Madhya Pradesh,Ratlam,Alot,
India,Madhya Pradesh,Ratlam,Jaora,
India,Madhya Pradesh,Ratlam,Ratlam,
India,Madhya Pradesh,Ratlam,Sailana,
India,Madhya Pradesh,Rewa,Mauganj,
India,Madhya Pradesh,Rewa,Rewa,
India,Madhya Pradesh,Rewa,Sirmaur,
India,Madhya Pradesh,Rewa,Teonthar,
India,Madhya Pradesh,Sagar,Banda,
India,Madhya Pradesh,Sagar,Khurai,
India,Madhya Pradesh,Sagar,Rehli,
India,Madhya Pradesh,Sagar,Sagar,
India,Madhya Pradesh,Satna,Amarpatan,
India,Madhya Pradesh,Satna,Maihar,
India,Madhya Pradesh,Satna,Nagod,
India,Madhya Pradesh,Satna,Satna,
India,Madhya Pradesh,Sehore,Ashta,
India,Madhya Pradesh,Sehore,Budhni,
India,Madhya Pradesh,Sehore,Ichhawar,
India,Madhya Pradesh,Sehore,Nasrullahganj,
India,Madhya Pradesh,Sehore,Sehore,
India,Madhya Pradesh,Seoni,Lakhnadon,
India,Madhya Pradesh,Seoni,Seoni,
India,Madhya Pradesh,Shahdol,Beohari,
India,Madhya Pradesh,Shahdol,Jaisinghnagar,
India,Madhya Pradesh,Shahdol,Rajendragram,
India,Madhya Pradesh,Shahdol,Shahdol,
India,Madhya Pradesh,Shajapur,Shajapur,
India,Madhya Pradesh,Shajapur,Shujalpur,
India,Madhya Pradesh,Sheopur,Bijaipur,
India,Madhya Pradesh,Sheopur,Sheopur,
India,Madhya Pradesh,Shivpuri,Karera,
India,Madhya Pradesh,Shivpuri,Kolaras,
India,Madhya Pradesh,Shivpuri,Pichor,
India,Madhya Pradesh,Shivpuri,Pohri,
India,Madhya Pradesh,Shivpuri,Shivpuri,
India,Madhya Pradesh,Sidhi,Sidhi,
India,Madhya Pradesh,Singrauli,Devsar,
India,Madhya Pradesh,Singrauli,Singrauli,
India,Madhya Pradesh,Tikamgarh,Jatara,
India,Madhya Pradesh,Tikamgarh,Nivari,
India,Madhya Pradesh,Tikamgarh,Tikamgarh,
India,Madhya Pradesh,Ujjain,Barnagar,
India,Madhya Pradesh,Ujjain,Khachrod,
India,Madhya Pradesh,Ujjain,Mehidpur,
India,Madhya Pradesh,Ujjain,Tarana,
India,Madhya Pradesh,Ujjain,Ujjain,
India,Madhya Pradesh,Umaria,Bandhogarh,
India,Madhya Pradesh,Vidisha,Basoda,
India,Madhya Pradesh,Vidisha,Korwai,
India,Madhya Pradesh,Vidisha,Leteri,
India,Madhya Pradesh,Vidisha,Sironj,
India,Madhya Pradesh,Vidisha,Vidisha,
India,Madhya Pradesh,West Nimar,Barwah,
India,Madhya Pradesh,West Nimar,Bhagwanpur,
India,Madhya Pradesh,West Nimar,Bhikangaon,
India,Madhya Pradesh,West Nimar,Jhirnia,
India,Madhya Pradesh,West Nimar,Kasrawad,
India,Madhya Pradesh,West Nimar,Khargon,
India,Madhya Pradesh,West Nimar,Maheshwar,
India,Madhya Pradesh,West Nimar,Segaon,
India,Maharashtra,Ahmadnagar,Ahmadnagar,
India,Maharashtra,Ahmadnagar,Akola,
India,Maharashtra,Ahmadnagar,Karjat,
India,Maharashtra,Ahmadnagar,Kopargaon,
India,Maharashtra,Ahmadnagar,Nevasa,
India,Maharashtra,Ahmadnagar,Parner,
India,Maharashtra,Ahmadnagar,Pathardi,
India,Maharashtra,Ahmadnagar,Rahuri,
India,Maharashtra,Ahmadnagar,Sangamner,
India,Maharashtra,Ahmadnagar,Shevgaon,
India,Maharashtra,Ahmadnagar,Shrigonda,
India,Maharashtra,Ahmadnagar,Shrirampur,
India,Maharashtra,Akola,Akola,
India,Maharashtra,Akola,Akot,
India,Maharashtra,Akola,Barsi Takli,
India,Maharashtra,Akola,Murtajapur,
India,Maharashtra,Akola,Patur,
India,Maharashtra,Akola,Telhara,
India,Maharashtra,Amravati,Achalpur,
India,Maharashtra,Amravati,Amravati,
India,Maharashtra,Amravati,Anjangaon,
India,Maharashtra,Amravati,Bhatkuli Jain,
India,Maharashtra,Amravati,Chandur Bazar,
India,Maharashtra,Amravati,Chandur,
India,Maharashtra,Amravati,Chikhaldara,
India,Maharashtra,Amravati,Daryapur,
India,Maharashtra,Amravati,Dharni,
India,Maharashtra,Amravati,Morshi,
India,Maharashtra,Amravati,Nandgaon Khandeshwar,
India,Maharashtra,Amravati,Tivsa,
India,Maharashtra,Amravati,Warud,
India,Maharashtra,Aurangabad,Aurangabad,
India,Maharashtra,Aurangabad,Gangapur,
India,Maharashtra,Aurangabad,Kannad,
India,Maharashtra,Aurangabad,Khuldabad,
India,Maharashtra,Aurangabad,Paithan,
India,Maharashtra,Aurangabad,Sillod,
India,Maharashtra,Aurangabad,Soygaon,
India,Maharashtra,Aurangabad,Vaijapur,
India,Maharashtra,Bhandara,Amgaon,
India,Maharashtra,Bhandara,Bhandara,
India,Maharashtra,Bhandara,Lakhandur,
India,Maharashtra,Bhandara,Mohari,
India,Maharashtra,Bhandara,Pawni,
India,Maharashtra,Bhandara,Sakoli,
India,Maharashtra,Bhandara,Salekasa,
India,Maharashtra,Bhandara,Tumsar,
India,Maharashtra,Bid,Ambajogai,
India,Maharashtra,Bid,Ashti,
India,Maharashtra,Bid,Bid,
India,Maharashtra,Bid,Gevrai,
India,Maharashtra,Bid,Jamkhed,
India,Maharashtra,Bid,Kaij,
India,Maharashtra,Bid,Majalgaon,
India,Maharashtra,Bid,Patoda,
India,Maharashtra,Buldana,Chikhli,
India,Maharashtra,Buldana,Jalgaon,
India,Maharashtra,Buldana,Lonar,
India,Maharashtra,Buldana,Malkapur,
India,Maharashtra,Buldana,Buldana,
India,Maharashtra,Buldana,Nandura,
India,Maharashtra,Buldana,Sangrampur,
India,Maharashtra,Buldana,Sindkhed Raja,
India,Maharashtra,Chandrapur,Bhadravathi,
India,Maharashtra,Chandrapur,Bramhapuri,
India,Maharashtra,Chandrapur,Chandrapur,
India,Maharashtra,Chandrapur,Chimur,
India,Maharashtra,Chandrapur,Gond Pipri,
India,Maharashtra,Chandrapur,Mul,
India,Maharashtra,Chandrapur,Nagbhir,
India,Maharashtra,Chandrapur,Rajura,
India,Maharashtra,Chandrapur,Sindewahi,
India,Maharashtra,Chandrapur,Warora,
India,Maharashtra,Dhule,Dhule,
India,Maharashtra,Dhule,Sakri,
India,Maharashtra,Dhule,Shirpur,
India,Maharashtra,Dhule,Sindkheda,
India,Maharashtra,Garhchiroli,Ahiri,
India,Maharashtra,Garhchiroli,Armori,
India,Maharashtra,Garhchiroli,Chamursi,
India,Maharashtra,Garhchiroli,Dhanora,
India,Maharashtra,Garhchiroli,Garhchiroli,
India,Maharashtra,Garhchiroli,Itapalli,
India,Maharashtra,Garhchiroli,Kurkheda,
India,Maharashtra,Garhchiroli,Sironcha,
India,Maharashtra,Gondiya,Arjuni Morgaon,
India,Maharashtra,Gondiya,Deori,
India,Maharashtra,Gondiya,Gondia,
India,Maharashtra,Gondiya,Goregaon,
India,Maharashtra,Gondiya,Tirora,
India,Maharashtra,Hingoli,Basmat,
India,Maharashtra,Hingoli,Hingoli,
India,Maharashtra,Hingoli,Kalamnuri,
India,Maharashtra,Jalgaon,Amalner,
India,Maharashtra,Jalgaon,Bhadgaon,
India,Maharashtra,Jalgaon,Bhusawal,
India,Maharashtra,Jalgaon,Chalisgaon,
India,Maharashtra,Jalgaon,Chopda,
India,Maharashtra,Jalgaon,Edalabad,
India,Maharashtra,Jalgaon,Erandol,
India,Maharashtra,Jalgaon,Jalgaon,
India,Maharashtra,Jalgaon,Jamner,
India,Maharashtra,Jalgaon,Pachora,
India,Maharashtra,Jalgaon,Parola,
India,Maharashtra,Jalgaon,Raver,
India,Maharashtra,Jalgaon,Yaval,
India,Maharashtra,Jalna,Ambad,
India,Maharashtra,Jalna,Bhokardan,
India,Maharashtra,Jalna,Jalna,
India,Maharashtra,Jalna,Partur,
India,Maharashtra,Kolhapur,Ajra,
India,Maharashtra,Kolhapur,Bavda,
India,Maharashtra,Kolhapur,Chandgad,
India,Maharashtra,Kolhapur,Gadhinglaj,
India,Maharashtra,Kolhapur,Gargoti,
India,Maharashtra,Kolhapur,Hatkalangda,
India,Maharashtra,Kolhapur,Kagal,
India,Maharashtra,Kolhapur,Kolhapur,
India,Maharashtra,Kolhapur,Panhala,
India,Maharashtra,Kolhapur,Radhanagari,
India,Maharashtra,Kolhapur,Shahuwadi,
India,Maharashtra,Kolhapur,Shirol,
India,Maharashtra,Latur,Ahmadpur,
India,Maharashtra,Latur,Ausa,
India,Maharashtra,Latur,Latur,
India,Maharashtra,Latur,Nilanga,
India,Maharashtra,Latur,Udgir,
India,Maharashtra,Mumbai City,Bombay,
India,Maharashtra,Mumbai Suburban,Mumbai Suburban,
India,Maharashtra,Nagpur,Bhiwapur,
India,Maharashtra,Nagpur,Hingana,
India,Maharashtra,Nagpur,Kalmeshwar,
India,Maharashtra,Nagpur,Kamthi,
India,Maharashtra,Nagpur,Katol,
India,Maharashtra,Nagpur,Kuhi,
India,Maharashtra,Nagpur,Mauda,
India,Maharashtra,Nagpur,Nagpur,
India,Maharashtra,Nagpur,Narkher,
India,Maharashtra,Nagpur,Parsivni,
India,Maharashtra,Nagpur,Ramtek,
India,Maharashtra,Nagpur,Savner,
India,Maharashtra,Nagpur,Umred,
India,Maharashtra,Nanded,Bhokar,
India,Maharashtra,Nanded,Biloli,
India,Maharashtra,Nanded,Diglur,
India,Maharashtra,Nanded,Hadgaon,
India,Maharashtra,Nanded,Kandahar,
India,Maharashtra,Nanded,Kinwat,
India,Maharashtra,Nanded,Mukher,
India,Maharashtra,Nanded,Nanded,
India,Maharashtra,Nandurbar,Akkalkuva,
India,Maharashtra,Nandurbar,Dhadgaon,
India,Maharashtra,Nandurbar,Nandurbar,
India,Maharashtra,Nandurbar,Navapur,
India,Maharashtra,Nandurbar,Shahada,
India,Maharashtra,Nandurbar,Taloda,
India,Maharashtra,Nashik,Chandvad,
India,Maharashtra,Nashik,Dindori,
India,Maharashtra,Nashik,Igatpuri,
India,Maharashtra,Nashik,Kalvan,
India,Maharashtra,Nashik,Malegaon,
India,Maharashtra,Nashik,Nandgaon,
India,Maharashtra,Nashik,Nashik,
India,Maharashtra,Nashik,Niphad,
India,Maharashtra,Nashik,Peint,
India,Maharashtra,Nashik,Satana,
India,Maharashtra,Nashik,Sinnar,
India,Maharashtra,Nashik,Surgana,
India,Maharashtra,Nashik,Yeola,
India,Maharashtra,Osmanabad,Bhum,
India,Maharashtra,Osmanabad,Kallam,
India,Maharashtra,Osmanabad,Osmanabad,
India,Maharashtra,Osmanabad,Parenda,
India,Maharashtra,Osmanabad,Tuljapur,
India,Maharashtra,Osmanabad,Umarga,
India,Maharashtra,Palghar,Dahanu,
India,Maharashtra,Palghar,Jawhar,
India,Maharashtra,Palghar,Mokhada,
India,Maharashtra,Palghar,Palghar,
India,Maharashtra,Palghar,Talasri,
India,Maharashtra,Palghar,Vada,
India,Maharashtra,Palghar,Vasai,
India,Maharashtra,Parbhani,Gangakher,
India,Maharashtra,Parbhani,Jintur,
India,Maharashtra,Parbhani,Parbhani,
India,Maharashtra,Parbhani,Pathri,
India,Maharashtra,Pune,Baramati,
India,Maharashtra,Pune,Bhor,
India,Maharashtra,Pune,Daund,
India,Maharashtra,Pune,Ghod,
India,Maharashtra,Pune,Indapur,
India,Maharashtra,Pune,Junnar,
India,Maharashtra,Pune,Pune,
India,Maharashtra,Pune,Paud,
India,Maharashtra,Pune,Rajgurunagar,
India,Maharashtra,Pune,Sasvad,
India,Maharashtra,Pune,Shirur,
India,Maharashtra,Pune,Wadgaon,
India,Maharashtra,Raigarh,Alibag,
India,Maharashtra,Raigarh,Khalapur,
India,Maharashtra,Raigarh,Mahad,
India,Maharashtra,Raigarh,Mangaon,
India,Maharashtra,Raigarh,Mhasla,
India,Maharashtra,Raigarh,Raigarh,
India,Maharashtra,Raigarh,Pali,
India,Maharashtra,Raigarh,Pen,
India,Maharashtra,Raigarh,Poladpur,
India,Maharashtra,Raigarh,Roha,
India,Maharashtra,Ratnagiri,Chiplun,
India,Maharashtra,Ratnagiri,Dapoli,
India,Maharashtra,Ratnagiri,Devrukh,
India,Maharashtra,Ratnagiri,Guhagar,
India,Maharashtra,Ratnagiri,Khed,
India,Maharashtra,Ratnagiri,Lanja,
India,Maharashtra,Ratnagiri,Mandangarh,
India,Maharashtra,Ratnagiri,Rajapur,
India,Maharashtra,Ratnagiri,Ratnagiri,
India,Maharashtra,Sangli,Atpadi,
India,Maharashtra,Sangli,Islampur,
India,Maharashtra,Sangli,Jath,
India,Maharashtra,Sangli,Kavathe Mahankal,
India,Maharashtra,Sangli,Sangli,
India,Maharashtra,Sangli,Shirala,
India,Maharashtra,Sangli,Tasgaon,
India,Maharashtra,Sangli,Vite,
India,Maharashtra,Satara,Dahivadi,
India,Maharashtra,Satara,Karad,
India,Maharashtra,Satara,Koregaon,
India,Maharashtra,Satara,Mahabaleshwar,
India,Maharashtra,Satara,Medha,
India,Maharashtra,Satara,Patan,
India,Maharashtra,Satara,Phaltan,
India,Maharashtra,Satara,Satara,
India,Maharashtra,Satara,Shirwal,
India,Maharashtra,Satara,Vaduj,
India,Maharashtra,Satara,Wai,
India,Maharashtra,Sindhudurg,Devgarh,
India,Maharashtra,Sindhudurg,Kankauli,
India,Maharashtra,Sindhudurg,Kudal,
India,Maharashtra,Sindhudurg,Malvan,
India,Maharashtra,Sindhudurg,Savantvadi,
India,Maharashtra,Sindhudurg,Vaibhavwadi,
India,Maharashtra,Sindhudurg,Vengurla,
India,Maharashtra,Solapur,Akalkot,
India,Maharashtra,Solapur,Barsi,
India,Maharashtra,Solapur,Karmal,
India,Maharashtra,Solapur,Madha,
India,Maharashtra,Solapur,Malsiras,
India,Maharashtra,Solapur,Mangalwedha,
India,Maharashtra,Solapur,Mohol,
India,Maharashtra,Solapur,Pandharpur,
India,Maharashtra,Solapur,Sangole,
India,Maharashtra,Solapur,Solapur,
India,Maharashtra,Thane,Bhiwandi,
India,Maharashtra,Thane,Kalyan,
India,Maharashtra,Thane,Murbad,
India,Maharashtra,Thane,Shahapur,
India,Maharashtra,Thane,Thane,
India,Maharashtra,Thane,Ulhasnagar,
India,Maharashtra,Wardha,Arvi,
India,Maharashtra,Wardha,Ashti,
India,Maharashtra,Wardha,Deoli,
India,Maharashtra,Wardha,Hinganghat,
India,Maharashtra,Wardha,Karanja,
India,Maharashtra,Wardha,Samudrapur,
India,Maharashtra,Wardha,Selu,
India,Maharashtra,Wardha,Wardha,
India,Maharashtra,Washim,Karanja,
India,Maharashtra,Washim,Malegaon,
India,Maharashtra,Washim,Mangrul Pir,
India,Maharashtra,Washim,Manora,
India,Maharashtra,Washim,Risod,
India,Maharashtra,Washim,Washim,
India,Maharashtra,Yavatmal,Babulgaon,
India,Maharashtra,Yavatmal,Darwha,
India,Maharashtra,Yavatmal,Digras,
India,Maharashtra,Yavatmal,Ghatanji,
India,Maharashtra,Yavatmal,Kalam,
India,Maharashtra,Yavatmal,Mahagaon,
India,Maharashtra,Yavatmal,Maregaon,
India,Maharashtra,Yavatmal,Ner,
India,Maharashtra,Yavatmal,Pandharkawada,
India,Maharashtra,Yavatmal,Pusad,
India,Maharashtra,Yavatmal,Ralegaon,
India,Maharashtra,Yavatmal,Umarkhed,
India,Maharashtra,Yavatmal,Wani,
India,Maharashtra,Yavatmal,Yavatmal,
India,Manipur,Bishnupur,Bishnupur,
India,Manipur,Bishnupur,Moirang,
India,Manipur,Chandel,Chakpikarong,
India,Manipur,Chandel,Chandel,
India,Manipur,Chandel,Tengnoupal,
India,Manipur,Churachandpur,Churachandpur,
India,Manipur,Churachandpur,Henglep,
India,Manipur,Churachandpur,Parbung,
India,Manipur,Churachandpur,Thanlon,
India,Manipur,Churachandpur,Thinghat,
India,Manipur,Imphal East,Imphal East,
India,Manipur,Imphal West,Imphal,
India,Manipur,Imphal West,Imphal West,
India,Manipur,Senapati,Kangpokpi,
India,Manipur,Senapati,Karong,
India,Manipur,Senapati,Saikul,
India,Manipur,Tamenglong,Nungba,
India,Manipur,Tamenglong,Tamei,
India,Manipur,Tamenglong,Tamenglong,
India,Manipur,Tamenglong,Tousem,
India,Manipur,Thoubal,Kakching,
India,Manipur,Thoubal,Thoubal,
India,Manipur,Ukhrul,Chingai,
India,Manipur,Ukhrul,Kamjong,
India,Manipur,Ukhrul,Kasom Khullen,
India,Manipur,Ukhrul,Phungyar,
India,Manipur,Ukhrul,Ukhrul,
India,Meghalaya,East Garo Hills,Williamnagar,
India,Meghalaya,East Khasi Hills,Shillong,
India,Meghalaya,Jaintia Hills,Jowai,
India,Meghalaya,North Garo Hills,Williamnagar,
India,Meghalaya,Ri Bhoi,Ri-Bhoi,
India,Meghalaya,South Garo Hills,South Garo Hills,
India,Meghalaya,South West Garo Hills,Tura,
India,Meghalaya,South West Khasi Hills,Nongstoin,
India,Meghalaya,West Garo Hills,Tura,
India,Meghalaya,West Garo Hills,Williamnagar,
India,Meghalaya,West Khasi Hills,Nongstoin,
India,Mizoram,Aizawl,Aizawl,
India,Mizoram,Champhai,Champhai,
India,Mizoram,Kolasib,Kolasib,
India,Mizoram,Lawangtlai,Chawngte,
India,Mizoram,Lawangtlai,Lawngtlai,
India,Mizoram,Lunglei,Lunglei,
India,Mizoram,Lunglei,Tlabung,
India,Mizoram,Mamit,Mamit,
India,Mizoram,Saiha,Saiha,
India,Mizoram,Serchhip,Aizawl,
India,Nagaland,Dimapur,Henima,
India,Nagaland,Kiphire,Tuensang,
India,Nagaland,Kohima,Henima,
India,Nagaland,Longleng,Tuensang,
India,Nagaland,Mokokchung,Mokokchung,
India,Nagaland,Mon,Mon,
India,Nagaland,Peren,Henima,
India,Nagaland,Phek,Phek,
India,Nagaland,Tuensang,Tuensang,
India,Nagaland,Wokha,Wokha,
India,Nagaland,Zunheboto,Zunheboto,
India,NCT of Delhi,West,Delhi,
India,Odisha,Anugul,Anugul,
India,Odisha,Anugul,Athamallik,
India,Odisha,Anugul,Pala Laharha,
India,Odisha,Anugul,Talcher,
India,Odisha,Balangir,Balangir,
India,Odisha,Balangir,Patnagarh,
India,Odisha,Balangir,Titlagarh,
India,Odisha,Baleshwar,Baleshwar,
India,Odisha,Baleshwar,Nilagiri,
India,Odisha,Bargarh,Bargarh,
India,Odisha,Bargarh,Padmapur,
India,Odisha,Bauda,Bauda,
India,Odisha,Bhadrak,Bhadrak,
India,Odisha,Cuttack,Athagarh,
India,Odisha,Cuttack,Banki,
India,Odisha,Cuttack,Cuttack,
India,Odisha,Debagarh,Deogarh,
India,Odisha,Dhenkanal,Dhenkanal,
India,Odisha,Dhenkanal,Hindola,
India,Odisha,Dhenkanal,Kamakhyanagar,
India,Odisha,Gajapati,Paralakhemundi,
India,Odisha,Ganjam,Brahmapur,
India,Odisha,Ganjam,Chatrapur,
India,Odisha,Ganjam,Ganjam,
India,Odisha,Jagatsinghapur,Jagatsinghpur,
India,Odisha,Jajapur,Jajapur,
India,Odisha,Jharsuguda,Jharsuguda,
India,Odisha,Kalahandi,Bhawanipatna,
India,Odisha,Kalahandi,Dharamgarh,
India,Odisha,Kandhamal,Ghumsur,
India,Odisha,Kandhamal,Phulbani,
India,Odisha,Kendrapara,Kendraparha,
India,Odisha,Kendujhar,Anandapur,
India,Odisha,Kendujhar,Champua,
India,Odisha,Kendujhar,Kendujhar,
India,Odisha,Khordha,Bhubaneshwar,
India,Odisha,Khordha,Khordha,
India,Odisha,Koraput,Jaypur,
India,Odisha,Koraput,Koraput,
India,Odisha,Malkangiri,Malakanagiri,
India,Odisha,Mayurbhanj,Baripada,
India,Odisha,Mayurbhanj,Panchpir,
India,Odisha,Mayurbhanj,Rai,
India,Odisha,Mayurbhanj,Udala,
India,Odisha,Nabarangapur,Nabarangapur,
India,Odisha,Nayagarh,Nayagarh,
India,Odisha,Nuapada,Nuaparha,
India,Odisha,Puri,Puri,
India,Odisha,Rayagada,Gunupur,
India,Odisha,Rayagada,Rayagarha,
India,Odisha,Sambalpur,Kuchinda,
India,Odisha,Sambalpur,Redhakhol,
India,Odisha,Sambalpur,Sambalpur,
India,Odisha,Subarnapur,Sonapur,
India,Odisha,Sundargarh,Banei,
India,Odisha,Sundargarh,Panposh,
India,Odisha,Sundargarh,Sundargarh,
India,Puducherry,Karaikal,Karaikal,
India,Puducherry,Mahe,Mahe,
India,Puducherry,Puducherry,Puducherry,
India,Puducherry,Yanam,Yanam,
India,Punjab,Amritsar,Ajnala,
India,Punjab,Amritsar,Baba Bakala,
India,Punjab,Barnala,Barnala,
India,Punjab,Bathinda,Bathinda,
India,Punjab,Bathinda,Rampura Phul,
India,Punjab,Bathinda,Talwandi Sabo,
India,Punjab,Faridkot,Faridkot,
India,Punjab,Fatehgarh Sahib,Sirhind,
India,Punjab,Fazilka,Abohar,
India,Punjab,Fazilka,Fazilka,
India,Punjab,Firozpur,Firozpur,
India,Punjab,Firozpur,Zira,
India,Punjab,Gurdaspur,Batala,
India,Punjab,Gurdaspur,Gurdaspur,
India,Punjab,Hoshiarpur,Dasua,
India,Punjab,Hoshiarpur,Garhshankar,
India,Punjab,Hoshiarpur,Hoshiarpur,
India,Punjab,Jalandhar,Jalandhar,
India,Punjab,Jalandhar,Nakodar,
India,Punjab,Jalandhar,Phillaur,
India,Punjab,Kapurthala,Kapurthala,
India,Punjab,Kapurthala,Phagwara,
India,Punjab,Kapurthala,Sultanpur Lodhi,
India,Punjab,Ludhiana,Jagraon,
India,Punjab,Ludhiana,Khanna,
India,Punjab,Ludhiana,Ludhiana,
India,Punjab,Ludhiana,Samrala,
India,Punjab,Mansa,Mansa,
India,Punjab,Moga,Moga,
India,Punjab,Muktsar,Muktsar,
India,Punjab,Pathankot,Pathankot,
India,Punjab,Patiala,Nabha,
India,Punjab,Patiala,Patiala,
India,Punjab,Patiala,Rajpura,
India,Punjab,Patiala,Samana,
India,Punjab,Rupnagar,Anandpur Sahib,
India,Punjab,Rupnagar,Rupnagar,
India,Punjab,Sahibzada Ajit Singh Nagar,Kharar,
India,Punjab,Sahibzada Ajit Singh Nagar,Rajpura,
India,Punjab,Sangrur,Maler Kotla,
India,Punjab,Sangrur,Sangrur,
India,Punjab,Sangrur,Sunam,
India,Punjab,Shahid Bhagat Singh Nagar,Balachaur,
India,Punjab,Shahid Bhagat Singh Nagar,Nawashahr,
India,Punjab,Tarn Taran,Patti,
India,Punjab,Tarn Taran,Tarn Taran,
India,Rajasthan,Ajmer,Ajmer,
India,Rajasthan,Ajmer,Beawar,
India,Rajasthan,Ajmer,Kekri,
India,Rajasthan,Ajmer,Kishangarh,
India,Rajasthan,Ajmer,Nasirabad,
India,Rajasthan,Ajmer,Sarwar,
India,Rajasthan,Alwar,Alwar,
India,Rajasthan,Alwar,Bahror,
India,Rajasthan,Alwar,Bansur,
India,Rajasthan,Alwar,Kishangarh Bas,
India,Rajasthan,Alwar,Lachhmangarh,
India,Rajasthan,Alwar,Mandawar,
India,Rajasthan,Alwar,Rajgarh,
India,Rajasthan,Alwar,Ramgarh,
India,Rajasthan,Alwar,Thana Gazi,
India,Rajasthan,Alwar,Tijara,
India,Rajasthan,Banswara,Banswara,
India,Rajasthan,Banswara,Garhi,
India,Rajasthan,Banswara,Ghatol,
India,Rajasthan,Banswara,Kalinjara,
India,Rajasthan,Baran,Atru,
India,Rajasthan,Baran,Baran,
India,Rajasthan,Baran,Chhabra,
India,Rajasthan,Baran,Chhipa Barod,
India,Rajasthan,Baran,Kishanganj,
India,Rajasthan,Baran,Mangrol,
India,Rajasthan,Baran,Shahbad,
India,Rajasthan,Barmer,Barmer,
India,Rajasthan,Barmer,Chauhtan,
India,Rajasthan,Barmer,Gurha Malini,
India,Rajasthan,Barmer,Pachpadra,
India,Rajasthan,Barmer,Shiv,
India,Rajasthan,Barmer,Siwana,
India,Rajasthan,Bharatpur,Bayana,
India,Rajasthan,Bharatpur,Bharatpur,
India,Rajasthan,Bharatpur,Dig,
India,Rajasthan,Bharatpur,Kaman,
India,Rajasthan,Bharatpur,Kumher,
India,Rajasthan,Bharatpur,Nadbai,
India,Rajasthan,Bharatpur,Nagar,
India,Rajasthan,Bharatpur,Rupbas,
India,Rajasthan,Bharatpur,Weir,
India,Rajasthan,Bhilwara,Asind,
India,Rajasthan,Bhilwara,Banera,
India,Rajasthan,Bhilwara,Bhilwara,
India,Rajasthan,Bhilwara,Gangapur,
India,Rajasthan,Bhilwara,Gulabpura,
India,Rajasthan,Bhilwara,Jahazpur,
India,Rajasthan,Bhilwara,Kotri,
India,Rajasthan,Bhilwara,Mandalgarh,
India,Rajasthan,Bhilwara,Mandal,
India,Rajasthan,Bhilwara,Raipur,
India,Rajasthan,Bhilwara,Shahpura,
India,Rajasthan,Bikaner,Bikaner,
India,Rajasthan,Bikaner,Kolayat,
India,Rajasthan,Bikaner,Lunkaransar,
India,Rajasthan,Bikaner,Nokha,
India,Rajasthan,Bundi,Bundi,
India,Rajasthan,Bundi,Hindoli,
India,Rajasthan,Bundi,Keshorai Patan,
India,Rajasthan,Bundi,Naenwa,
India,Rajasthan,Chittaurgarh,Bari Sadri,
India,Rajasthan,Chittaurgarh,Begun,
India,Rajasthan,Chittaurgarh,Bhadesar,
India,Rajasthan,Chittaurgarh,Gangrar,
India,Rajasthan,Chittaurgarh,Kapasan,
India,Rajasthan,Chittaurgarh,Chittaurgarh,
India,Rajasthan,Chittaurgarh,Nimbahera,
India,Rajasthan,Chittaurgarh,Rashmi,
India,Rajasthan,Churu,Churu,
India,Rajasthan,Churu,Dungargarh,
India,Rajasthan,Churu,Rajgarh,
India,Rajasthan,Churu,Ratangarh,
India,Rajasthan,Churu,Sardarshahar,
India,Rajasthan,Churu,Sujangarh,
India,Rajasthan,Churu,Taranagar,
India,Rajasthan,Dausa,Baswa,
India,Rajasthan,Dausa,Dausa,
India,Rajasthan,Dausa,Lalsot,
India,Rajasthan,Dausa,Mahwah,
India,Rajasthan,Dausa,Sakrai,
India,Rajasthan,Dhaulpur,Bari,
India,Rajasthan,Dhaulpur,Baseri,
India,Rajasthan,Dhaulpur,Dhaulpur,
India,Rajasthan,Dungarpur,Aspur,
India,Rajasthan,Dungarpur,Dungarpur,
India,Rajasthan,Dungarpur,Sagwara,
India,Rajasthan,Dungarpur,Simalwara,
India,Rajasthan,Ganganagar,Anupgarh,
India,Rajasthan,Ganganagar,Ganganagar,
India,Rajasthan,Ganganagar,Karanpur,
India,Rajasthan,Ganganagar,Padampur,
India,Rajasthan,Ganganagar,Raisinghnagar,
India,Rajasthan,Ganganagar,Sadulshahr,
India,Rajasthan,Ganganagar,Sri Vijainagar,
India,Rajasthan,Ganganagar,Suratgarh,
India,Rajasthan,Hanumangarh,Bhadra,
India,Rajasthan,Hanumangarh,Hanumangarh,
India,Rajasthan,Hanumangarh,Nohar,
India,Rajasthan,Hanumangarh,Pilibangan,
India,Rajasthan,Hanumangarh,Rawatsar,
India,Rajasthan,Hanumangarh,Sangariya,
India,Rajasthan,Hanumangarh,Tibi,
India,Rajasthan,Jaipur,Amer,
India,Rajasthan,Jaipur,Bassi,
India,Rajasthan,Jaipur,Chaksu,
India,Rajasthan,Jaipur,Chomu,
India,Rajasthan,Jaipur,Dudu,
India,Rajasthan,Jaipur,Jaipur,
India,Rajasthan,Jaipur,Jamwa Ramgarh,
India,Rajasthan,Jaipur,Kot Putli,
India,Rajasthan,Jaipur,Jaipur,
India,Rajasthan,Jaipur,Phagi,
India,Rajasthan,Jaipur,Sambhar,
India,Rajasthan,Jaipur,Sanganer,
India,Rajasthan,Jaipur,Viratnagar,
India,Rajasthan,Jaisalmer,Jaisalmer,
India,Rajasthan,Jaisalmer,Pokaran,
India,Rajasthan,Jalor,Ahor,
India,Rajasthan,Jalor,Bhinmal,
India,Rajasthan,Jalor,Jalor,
India,Rajasthan,Jalor,Raniwara,
India,Rajasthan,Jalor,Sanchor,
India,Rajasthan,Jhalawar,Aklera,
India,Rajasthan,Jhalawar,Gangdhar,
India,Rajasthan,Jhalawar,Jhalarapatan,
India,Rajasthan,Jhalawar,Khanpur,
India,Rajasthan,Jhalawar,Pachpahar,
India,Rajasthan,Jhalawar,Pirawa,
India,Rajasthan,Jhunjhunun,Chirawa,
India,Rajasthan,Jhunjhunun,Jhunjhunun,
India,Rajasthan,Jhunjhunun,Khetri,
India,Rajasthan,Jhunjhunun,Nawalgarh,
India,Rajasthan,Jhunjhunun,Udaipurwati,
India,Rajasthan,Jodhpur,Bhopalgarh,
India,Rajasthan,Jodhpur,Bilara,
India,Rajasthan,Jodhpur,Jodhpur,
India,Rajasthan,Jodhpur,Osiyan,
India,Rajasthan,Jodhpur,Phalodi,
India,Rajasthan,Jodhpur,Shergarh,
India,Rajasthan,Karauli,Hindaun,
India,Rajasthan,Karauli,Karauli,
India,Rajasthan,Karauli,Nandauti,
India,Rajasthan,Karauli,Sapotra,
India,Rajasthan,Karauli,Toda Bhim,
India,Rajasthan,Kota,Digod,
India,Rajasthan,Kota,Kota,
India,Rajasthan,Kota,Pipalda Kalan,
India,Rajasthan,Kota,Ramganj Mandi,
India,Rajasthan,Kota,Sangod,
India,Rajasthan,Nagaur,Degana,
India,Rajasthan,Nagaur,Didwana,
India,Rajasthan,Nagaur,Jayal,
India,Rajasthan,Nagaur,Ladnun,
India,Rajasthan,Nagaur,Merta,
India,Rajasthan,Nagaur,Nagaur,
India,Rajasthan,Nagaur,Nawa,
India,Rajasthan,Nagaur,Parvatsar,
India,Rajasthan,Pali,Bali,
India,Rajasthan,Pali,Desuri,
India,Rajasthan,Pali,Jaitaran,
India,Rajasthan,Pali,Kharchi,
India,Rajasthan,Pali,Pali,
India,Rajasthan,Pali,Raipur,
India,Rajasthan,Pali,Sojat,
India,Rajasthan,Pratapgarh,Arnaud,
India,Rajasthan,Pratapgarh,Banswara,
India,Rajasthan,Pratapgarh,Bari Sadri,
India,Rajasthan,Pratapgarh,Chhoti Sadri,
India,Rajasthan,Pratapgarh,Ghatol,
India,Rajasthan,Pratapgarh,Lasadia,
India,Rajasthan,Pratapgarh,Nimbahera,
India,Rajasthan,Pratapgarh,Pratapgarh,
India,Rajasthan,Rajsamand,Amet,
India,Rajasthan,Rajsamand,Bhim,
India,Rajasthan,Rajsamand,Devgarh,
India,Rajasthan,Rajsamand,Kumbhalgarh,
India,Rajasthan,Rajsamand,Nathdwara,
India,Rajasthan,Rajsamand,Rajsamand,
India,Rajasthan,Rajsamand,Relmagra,
India,Rajasthan,Sawai Madhopur,Bamanwas,
India,Rajasthan,Sawai Madhopur,Bonali,
India,Rajasthan,Sawai Madhopur,Gangapur,
India,Rajasthan,Sawai Madhopur,Khandar,
India,Rajasthan,Sawai Madhopur,Sawai Madhopur,
India,Rajasthan,Sikar,Fatehpur,
India,Rajasthan,Sikar,Lachhmangarh,
India,Rajasthan,Sikar,Nim ka Thana,
India,Rajasthan,Sikar,Shri Madhopur,
India,Rajasthan,Sikar,Sikar,
India,Rajasthan,Sirohi,Abu Road,
India,Rajasthan,Sirohi,Pindwara,
India,Rajasthan,Sirohi,Revdar,
India,Rajasthan,Sirohi,Shivganj,
India,Rajasthan,Sirohi,Sirohi,
India,Rajasthan,Tonk,Devli,
India,Rajasthan,Tonk,Malpura,
India,Rajasthan,Tonk,Niwai,
India,Rajasthan,Tonk,Toda Raisingh,
India,Rajasthan,Tonk,Tonk,
India,Rajasthan,Tonk,Uniara,
India,Rajasthan,Udaipur,Gogunda,
India,Rajasthan,Udaipur,Kherwara,
India,Rajasthan,Udaipur,Kotra,
India,Rajasthan,Udaipur,Lasadia,
India,Rajasthan,Udaipur,Phalsiya,
India,Rajasthan,Udaipur,Salumbar,
India,Rajasthan,Udaipur,Sarada,
India,Rajasthan,Udaipur,Udaipur,
India,Rajasthan,Udaipur,Vallabhnagar,
India,Sikkim,East Sikkim,Gangtok,
India,Sikkim,North Sikkim,North Sikkim,
India,Sikkim,South Sikkim,South Sikkim,
India,Sikkim,West Sikkim,West Sikkim,
India,Tamil Nadu,Ariyalur,Ariyalur,
India,Tamil Nadu,Ariyalur,Udaiyarpalaiyam,
India,Tamil Nadu,Chennai,Egmore Nungabakkam,
India,Tamil Nadu,Chennai,Fort Tondiarpet,
India,Tamil Nadu,Chennai,Mambalam Gundy,
India,Tamil Nadu,Chennai,Mylapore Tiruvallikk,
India,Tamil Nadu,Chennai,Perambur Purasavakam,
India,Tamil Nadu,Coimbatore,Coimbatore,
India,Tamil Nadu,Coimbatore,Mettuppalaiyam,
India,Tamil Nadu,Coimbatore,Pollachi,
India,Tamil Nadu,Cuddalore,Chidambaram,
India,Tamil Nadu,Cuddalore,Cuddalore,
India,Tamil Nadu,Cuddalore,Vriddhachalam,
India,Tamil Nadu,Dharmapuri,Dharmapuri,
India,Tamil Nadu,Dharmapuri,Harur,
India,Tamil Nadu,Dharmapuri,Palakkodu,
India,Tamil Nadu,Dharmapuri,Pennagaram,
India,Tamil Nadu,Dindigul,Dindigul,
India,Tamil Nadu,Dindigul,Kodaikkanal,
India,Tamil Nadu,Dindigul,Nattam,
India,Tamil Nadu,Dindigul,Nilakkottai,
India,Tamil Nadu,Dindigul,Palani,
India,Tamil Nadu,Dindigul,Vedasandur,
India,Tamil Nadu,Erode,Bhavani,
India,Tamil Nadu,Erode,Erode,
India,Tamil Nadu,Erode,Gopichettipalaiyam,
India,Tamil Nadu,Erode,Perundurai,
India,Tamil Nadu,Erode,Satyamangalam,
India,Tamil Nadu,Kancheepuram,Chengalpattu,
India,Tamil Nadu,Kancheepuram,Cheyyur,
India,Tamil Nadu,Kancheepuram,Kanchipuram,
India,Tamil Nadu,Kancheepuram,Madurantakam,
India,Tamil Nadu,Kancheepuram,Sriperumbudur,
India,Tamil Nadu,Kancheepuram,Uttiramerur,
India,Tamil Nadu,Kanniyakumari,Bhutapandi,
India,Tamil Nadu,Kanniyakumari,Kuzhittura,
India,Tamil Nadu,Kanniyakumari,Nagercoil,
India,Tamil Nadu,Kanniyakumari,Takkalai,
India,Tamil Nadu,Karur,Karur,
India,Tamil Nadu,Karur,Kulittalai,
India,Tamil Nadu,Krishnagiri,Denkanikota,
India,Tamil Nadu,Krishnagiri,Hosur,
India,Tamil Nadu,Krishnagiri,Krishnagiri,
India,Tamil Nadu,Krishnagiri,Uttangarai,
India,Tamil Nadu,Madurai,Madurai,
India,Tamil Nadu,Madurai,Melur,
India,Tamil Nadu,Madurai,Tirumangalam,
India,Tamil Nadu,Madurai,Usilampatti,
India,Tamil Nadu,Madurai,Vadippatti,
India,Tamil Nadu,Nagappattinam,Mayuram,
India,Tamil Nadu,Nagappattinam,Nagappattinam,
India,Tamil Nadu,Nagappattinam,Sirkazhi,
India,Tamil Nadu,Nagappattinam,Tarangambadi,
India,Tamil Nadu,Nagappattinam,Tirutturaippundi,
India,Tamil Nadu,Namakkal,Namakkal,
India,Tamil Nadu,Namakkal,Rasipuram,
India,Tamil Nadu,Namakkal,Tiruchengodu,
India,Tamil Nadu,Perambalur,Perambalur,
India,Tamil Nadu,Pudukkottai,Alangudi,
India,Tamil Nadu,Pudukkottai,Arantangi,
India,Tamil Nadu,Pudukkottai,Kulattur,
India,Tamil Nadu,Pudukkottai,Pudukkottai,
India,Tamil Nadu,Pudukkottai,Tirumayam,
India,Tamil Nadu,Ramanathapuram,Kamudi,
India,Tamil Nadu,Ramanathapuram,Mudukulattur,
India,Tamil Nadu,Ramanathapuram,Paramakkudi,
India,Tamil Nadu,Ramanathapuram,Ramanathapuram,
India,Tamil Nadu,Ramanathapuram,Rameswaram,
India,Tamil Nadu,Ramanathapuram,Tiruvadanai,
India,Tamil Nadu,Salem,Attur,
India,Tamil Nadu,Salem,Mettur,
India,Tamil Nadu,Salem,Omalur,
India,Tamil Nadu,Salem,Salem,
India,Tamil Nadu,Salem,Sankari,
India,Tamil Nadu,Sivaganga,Devakottai,
India,Tamil Nadu,Sivaganga,Ilaiyankudi,
India,Tamil Nadu,Sivaganga,Karaikkudi,
India,Tamil Nadu,Sivaganga,Manamadurai,
India,Tamil Nadu,Sivaganga,Sivaganga,
India,Tamil Nadu,Sivaganga,Tiruppattur,
India,Tamil Nadu,Thanjavur,Kumbakonam,
India,Tamil Nadu,Thanjavur,Orattanadu,
India,Tamil Nadu,Thanjavur,Papanasam,
India,Tamil Nadu,Thanjavur,Pattukkottai,
India,Tamil Nadu,Thanjavur,Peravurani,
India,Tamil Nadu,Thanjavur,Thanjavur,
India,Tamil Nadu,Thanjavur,Tiruvidaimarudur,
India,Tamil Nadu,The Nilgiris,Coonoor,
India,Tamil Nadu,The Nilgiris,Gudalur,
India,Tamil Nadu,The Nilgiris,Kotagiri,
India,Tamil Nadu,The Nilgiris,Udagamandalam,
India,Tamil Nadu,Theni,Periyakulam,
India,Tamil Nadu,Theni,Uttamapalaiyam,
India,Tamil Nadu,Thiruvallur,Gummidipundi,
India,Tamil Nadu,Thiruvallur,Thiruvallur,
India,Tamil Nadu,Thiruvallur,Pallippattu,
India,Tamil Nadu,Thiruvallur,Ponneri,
India,Tamil Nadu,Thiruvallur,Saidapet,
India,Tamil Nadu,Thiruvallur,Tiruttani,
India,Tamil Nadu,Thiruvallur,Tiruvallur,
India,Tamil Nadu,Thiruvallur,Uttukkottai,
India,Tamil Nadu,Thiruvarur,Mannargudi,
India,Tamil Nadu,Thiruvarur,Nannilam,
India,Tamil Nadu,Thiruvarur,Thiruvarur,
India,Tamil Nadu,Thoothukkudi,Kovilpatti,
India,Tamil Nadu,Thoothukkudi,Ottapidaram,
India,Tamil Nadu,Thoothukkudi,Sattankulam,
India,Tamil Nadu,Thoothukkudi,Srivaikuntam,
India,Tamil Nadu,Thoothukkudi,Tiruchchendur,
India,Tamil Nadu,Thoothukkudi,Tuticorin,
India,Tamil Nadu,Thoothukkudi,Vilattikulam,
India,Tamil Nadu,Tiruchirappalli,Lalgudi,
India,Tamil Nadu,Tiruchirappalli,Manapparai,
India,Tamil Nadu,Tiruchirappalli,Musiri,
India,Tamil Nadu,Tiruchirappalli,Tiruchchirappalli,
India,Tamil Nadu,Tiruchirappalli,Turaiyur,
India,Tamil Nadu,Tirunelveli,Ambasamudram,
India,Tamil Nadu,Tirunelveli,Nanguneri,
India,Tamil Nadu,Tirunelveli,Palayankottai,
India,Tamil Nadu,Tirunelveli,Radhapuram,
India,Tamil Nadu,Tirunelveli,Sankarankovil,
India,Tamil Nadu,Tirunelveli,Sengottai,
India,Tamil Nadu,Tirunelveli,Sivagiri,
India,Tamil Nadu,Tirunelveli,Tenkasi,
India,Tamil Nadu,Tirunelveli,Tirunelveli,
India,Tamil Nadu,Tiruppur,Avanashi,
India,Tamil Nadu,Tiruppur,Dharapuram,
India,Tamil Nadu,Tiruppur,Tiruppur,
India,Tamil Nadu,Tiruppur,Udumalaippettai,
India,Tamil Nadu,Tiruvannamalai,Arani,
India,Tamil Nadu,Tiruvannamalai,Chengam,
India,Tamil Nadu,Tiruvannamalai,Polur,
India,Tamil Nadu,Tiruvannamalai,Tiruvannamalai,
India,Tamil Nadu,Tiruvannamalai,Tiruvettipuram,
India,Tamil Nadu,Tiruvannamalai,Vandavasi,
India,Tamil Nadu,Vellore,Arakkonam,
India,Tamil Nadu,Vellore,Arcot,
India,Tamil Nadu,Vellore,Gudiyattam,
India,Tamil Nadu,Vellore,Tiruppattur,
India,Tamil Nadu,Vellore,Vaniyambadi,
India,Tamil Nadu,Vellore,Vellore,
India,Tamil Nadu,Vellore,Walajapet,
India,Tamil Nadu,Viluppuram,Gingee,
India,Tamil Nadu,Viluppuram,Kallakkurichchi,
India,Tamil Nadu,Viluppuram,Tindivanam,
India,Tamil Nadu,Viluppuram,Tirukkoyilur,
India,Tamil Nadu,Viluppuram,Viluppuram,
India,Tamil Nadu,Virudunagar,Aruppukottai,
India,Tamil Nadu,Virudunagar,Rajapalaiyam,
India,Tamil Nadu,Virudunagar,Sattur,
India,Tamil Nadu,Virudunagar,Srivilliputtur,
India,Tamil Nadu,Virudunagar,Tiruchuli,
India,Tamil Nadu,Virudunagar,Virudunagar,
India,Telangana,Adilabad,Adilabad,
India,Telangana,Adilabad,Asifabad,
India,Telangana,Adilabad,Boath,
India,Telangana,Adilabad,Chinnur,
India,Telangana,Adilabad,Khanapur,
India,Telangana,Adilabad,Laxettipet,
India,Telangana,Adilabad,Mudhol,
India,Telangana,Adilabad,Nirmal,
India,Telangana,Adilabad,Sirpur,
India,Telangana,Adilabad,Utnur,
India,Telangana,Hyderabad,Hyderabad,
India,Telangana,Karimnagar,Huzurabad,
India,Telangana,Karimnagar,Jagtial,
India,Telangana,Karimnagar,Karimnagar,
India,Telangana,Karimnagar,Manthani,
India,Telangana,Karimnagar,Metpalli,
India,Telangana,Karimnagar,Sirsilla,
India,Telangana,Karimnagar,Sultanabad,
India,Telangana,Khammam,Bhadrachalam,
India,Telangana,Khammam,Borgampad,
India,Telangana,Khammam,Khammam,
India,Telangana,Khammam,Kottagudem,
India,Telangana,Khammam,Madhira,
India,Telangana,Khammam,Venkatapuram,
India,Telangana,Khammam,Yellandu,
India,Telangana,Mahbubnagar,Achampet,
India,Telangana,Mahbubnagar,Alampur,
India,Telangana,Mahbubnagar,Atamkur,
India,Telangana,Mahbubnagar,Farooq Nagar,
India,Telangana,Mahbubnagar,Gadwal,
India,Telangana,Mahbubnagar,Kalwakurti,
India,Telangana,Mahbubnagar,Kolhapur,
India,Telangana,Mahbubnagar,Korangal,
India,Telangana,Mahbubnagar,Mahbubnagar,
India,Telangana,Mahbubnagar,Makhtal,
India,Telangana,Mahbubnagar,Nagar Karnul,
India,Telangana,Mahbubnagar,Wanparthy,
India,Telangana,Medak,Gajwel,
India,Telangana,Medak,Jogipet,
India,Telangana,Medak,Medak,
India,Telangana,Medak,Narayankher,
India,Telangana,Medak,Narsapur,
India,Telangana,Medak,Sangareddi,
India,Telangana,Medak,Siddipet,
India,Telangana,Medak,Zahirabad,
India,Telangana,Nalgonda,Bhongir,
India,Telangana,Nalgonda,Devarkonda,
India,Telangana,Nalgonda,Huzurnagar,
India,Telangana,Nalgonda,Mirialguda,
India,Telangana,Nalgonda,Nalgonda,
India,Telangana,Nalgonda,Ramannapet,
India,Telangana,Nalgonda,Suriapet,
India,Telangana,Nizamabad,Armur,
India,Telangana,Nizamabad,Banswada,
India,Telangana,Nizamabad,Bodhan,
India,Telangana,Nizamabad,Kamareddy,
India,Telangana,Nizamabad,Madnur,
India,Telangana,Nizamabad,Nizamabad,
India,Telangana,Nizamabad,Yellareddi,
India,Telangana,Ranga Reddy,Chevella,
India,Telangana,Ranga Reddy,Ibrahimpatan,
India,Telangana,Ranga Reddy,Medchal,
India,Telangana,Ranga Reddy,Ranga Reddy,
India,Telangana,Ranga Reddy,Pargi,
India,Telangana,Ranga Reddy,Tandur,
India,Telangana,Ranga Reddy,Vikarabad,
India,Telangana,Warangal,Hanmakonda,
India,Telangana,Warangal,Jangaon,
India,Telangana,Warangal,Mulug,
India,Telangana,Warangal,Warangal,
India,Telangana,Warangal,Narsampet,
India,Telangana,Warangal,Parkal,
India,Tripura,Dhalai,Kailashahar,
India,Tripura,Dhalai,Kamalpur,
India,Tripura,Gomati,Amarpur,
India,Tripura,Gomati,Udaipur,
India,Tripura,Khowai,Khowai,
India,Tripura,North Tripura,Dharmanagar,
India,Tripura,Sipahijala,Sonamura,
India,Tripura,South Tripura,Belonia,
India,Tripura,South Tripura,Sabrum,
India,Tripura,Unokoti,Unokoti,
India,Tripura,West Tripura,Agartala,
India,Uttar Pradesh,Agra,Agra,
India,Uttar Pradesh,Agra,Bah,
India,Uttar Pradesh,Agra,Fatehabad,
India,Uttar Pradesh,Agra,Khairagarh,
India,Uttar Pradesh,Agra,Kiraoli,
India,Uttar Pradesh,Aligarh,Aligarh,
India,Uttar Pradesh,Aligarh,Atrauli,
India,Uttar Pradesh,Aligarh,Iglas,
India,Uttar Pradesh,Aligarh,Khair,
India,Uttar Pradesh,Aligarh,Sikandra Rao,
India,Uttar Pradesh,Allahabad,Handia,
India,Uttar Pradesh,Allahabad,Karchana,
India,Uttar Pradesh,Allahabad,Meja,
India,Uttar Pradesh,Allahabad,Phulpur,
India,Uttar Pradesh,Allahabad,Soraon,
India,Uttar Pradesh,Ambedkar Nagar,Akbarpur,
India,Uttar Pradesh,Ambedkar Nagar,Tanda,
India,Uttar Pradesh,Amethi,Amethi,
India,Uttar Pradesh,Amethi,Gauriganj,
India,Uttar Pradesh,Amethi,Maharajganj,
India,Uttar Pradesh,Amethi,Musafirkhana,
India,Uttar Pradesh,Amethi,Salon,
India,Uttar Pradesh,Amroha,Amroha,
India,Uttar Pradesh,Amroha,Hasanpur,
India,Uttar Pradesh,Auraiya,Auraiya,
India,Uttar Pradesh,Auraiya,Bidhuna,
India,Uttar Pradesh,Azamgarh,Azamgarh,
India,Uttar Pradesh,Azamgarh,Katghar,
India,Uttar Pradesh,Azamgarh,Phulpur,
India,Uttar Pradesh,Azamgarh,Sagri,
India,Uttar Pradesh,Baghpat,Baghpat,
India,Uttar Pradesh,Bahraich,Kaisarganj,
India,Uttar Pradesh,Bahraich,Nanpara,
India,Uttar Pradesh,Ballia,Ballia,
India,Uttar Pradesh,Ballia,Bansdih,
India,Uttar Pradesh,Ballia,Rasra,
India,Uttar Pradesh,Balrampur,Balrampur,
India,Uttar Pradesh,Banda,Baberu,
India,Uttar Pradesh,Banda,Banda,
India,Uttar Pradesh,Banda,Naraini,
India,Uttar Pradesh,Barabanki,Bara Banki,
India,Uttar Pradesh,Barabanki,Fatehpur,
India,Uttar Pradesh,Barabanki,Haidargarh,
India,Uttar Pradesh,Barabanki,Ramsanehighat,
India,Uttar Pradesh,Bareilly,Aonla,
India,Uttar Pradesh,Bareilly,Baheri,
India,Uttar Pradesh,Bareilly,Bareilly,
India,Uttar Pradesh,Bareilly,Faritpur,
India,Uttar Pradesh,Bareilly,Nawabganj,
India,Uttar Pradesh,Basti,Basti,
India,Uttar Pradesh,Basti,Haraiya,
India,Uttar Pradesh,Bijnor,Bijnor,
India,Uttar Pradesh,Bijnor,Dhampur,
India,Uttar Pradesh,Bijnor,Nagina,
India,Uttar Pradesh,Bijnor,Najibabad,
India,Uttar Pradesh,Budaun,Bisauli,
India,Uttar Pradesh,Budaun,Budaun,
India,Uttar Pradesh,Budaun,Dataganj,
India,Uttar Pradesh,Budaun,Sahaswan,
India,Uttar Pradesh,Bulandshahr,Anupshahr,
India,Uttar Pradesh,Bulandshahr,Bulandshahr,
India,Uttar Pradesh,Chandauli,Chakia,
India,Uttar Pradesh,Chandauli,Chandauli,
India,Uttar Pradesh,Chitrakoot,Karwi,
India,Uttar Pradesh,Chitrakoot,Mau,
India,Uttar Pradesh,Deoria,Deoria,
India,Uttar Pradesh,Deoria,Salempur,
India,Uttar Pradesh,Etah,Aliganj,
India,Uttar Pradesh,Etah,Etah,
India,Uttar Pradesh,Etah,Jalesar,
India,Uttar Pradesh,Etawah,Bharthana,
India,Uttar Pradesh,Etawah,Etawah,
India,Uttar Pradesh,Faizabad,Bikapur,
India,Uttar Pradesh,Faizabad,Faizabad,
India,Uttar Pradesh,Farrukhabad,Fatehgarh,
India,Uttar Pradesh,Farrukhabad,Kaimganj,
India,Uttar Pradesh,Fatehpur,Bindki,
India,Uttar Pradesh,Fatehpur,Fatehpur,
India,Uttar Pradesh,Fatehpur,Khaga,
India,Uttar Pradesh,Firozabad,Etmadpur,
India,Uttar Pradesh,Firozabad,Firozabad,
India,Uttar Pradesh,Firozabad,Jasrana,
India,Uttar Pradesh,Firozabad,Shikohabad,
India,Uttar Pradesh,Gautam Buddha Nagar,Dadri,
India,Uttar Pradesh,Gautam Buddha Nagar,Khurja,
India,Uttar Pradesh,Gautam Buddha Nagar,Sikandarabad,
India,Uttar Pradesh,Ghaziabad,Ghaziabad,
India,Uttar Pradesh,Ghazipur,Ghazipur,
India,Uttar Pradesh,Ghazipur,Muhammadabad,
India,Uttar Pradesh,Ghazipur,Saidpur,
India,Uttar Pradesh,Ghazipur,Zamania,
India,Uttar Pradesh,Gonda,Gonda,
India,Uttar Pradesh,Gonda,Tarabganj,
India,Uttar Pradesh,Gonda,Utraula,
India,Uttar Pradesh,Gorakhpur,Bansgaon,
India,Uttar Pradesh,Gorakhpur,Gorakhpur,
India,Uttar Pradesh,Hamirpur,Hamirpur,
India,Uttar Pradesh,Hamirpur,Maudaha,
India,Uttar Pradesh,Hamirpur,Rath,
India,Uttar Pradesh,Hapur,Garhmuktesar,
India,Uttar Pradesh,Hapur,Hapur,
India,Uttar Pradesh,Hardoi,Bilgram,
India,Uttar Pradesh,Hardoi,Hardoi,
India,Uttar Pradesh,Hardoi,Sandila,
India,Uttar Pradesh,Hardoi,Shahabad,
India,Uttar Pradesh,Hathras,Hathras,
India,Uttar Pradesh,Jalaun,Jalaun,
India,Uttar Pradesh,Jalaun,Kalpi,
India,Uttar Pradesh,Jalaun,Konch,
India,Uttar Pradesh,Jalaun,Orai,
India,Uttar Pradesh,Jaunpur,Jaunpur,
India,Uttar Pradesh,Jaunpur,Kirakat,
India,Uttar Pradesh,Jaunpur,Machhlishahr,
India,Uttar Pradesh,Jaunpur,Mariahu,
India,Uttar Pradesh,Jaunpur,Shahganj,
India,Uttar Pradesh,Jhansi,Garautha,
India,Uttar Pradesh,Jhansi,Jhansi,
India,Uttar Pradesh,Jhansi,Mau Ranipur,
India,Uttar Pradesh,Jhansi,Moth,
India,Uttar Pradesh,Kannauj,Chhibramau,
India,Uttar Pradesh,Kannauj,Kannauj,
India,Uttar Pradesh,Kanpur Dehat,Akbarpur,
India,Uttar Pradesh,Kanpur Dehat,Bilhaur,
India,Uttar Pradesh,Kanpur Dehat,Derapur,
India,Uttar Pradesh,Kanpur Dehat,Pukhrayan,
India,Uttar Pradesh,Kanpur Nagar,Bilhaur,
India,Uttar Pradesh,Kanpur Nagar,Ghatampur,
India,Uttar Pradesh,Kanpur Nagar,Kanpur,
India,Uttar Pradesh,Kasganj,Aliganj,
India,Uttar Pradesh,Kasganj,Kasganj,
India,Uttar Pradesh,Kaushambi,Allahabad,
India,Uttar Pradesh,Kaushambi,Manjhanpur,
India,Uttar Pradesh,Kaushambi,Sirathu,
India,Uttar Pradesh,Kushinagar,Hata,
India,Uttar Pradesh,Kushinagar,Padrauna,
India,Uttar Pradesh,Lakhimpur Kheri,Lakhimpur,
India,Uttar Pradesh,Lakhimpur Kheri,Muhamdi,
India,Uttar Pradesh,Lakhimpur Kheri,Nighasan,
India,Uttar Pradesh,Lalitpur,Lalitpur,
India,Uttar Pradesh,Lalitpur,Mahrauni,
India,Uttar Pradesh,Lucknow,Lucknow,
India,Uttar Pradesh,Lucknow,Malihabad,
India,Uttar Pradesh,Lucknow,Mohanlalganj,
India,Uttar Pradesh,Maharajganj,Maharajganj,
India,Uttar Pradesh,Maharajganj,Pharenda,
India,Uttar Pradesh,Mahoba,Charkhari,
India,Uttar Pradesh,Mahoba,Kulpahar,
India,Uttar Pradesh,Mahoba,Mahoba,
India,Uttar Pradesh,Mainpuri,Bhongaon,
India,Uttar Pradesh,Mainpuri,Karhal,
India,Uttar Pradesh,Mainpuri,Mainpuri,
India,Uttar Pradesh,Mathura,Chhata,
India,Uttar Pradesh,Mathura,Mathura,
India,Uttar Pradesh,Mathura,Mat,
India,Uttar Pradesh,Mathura,Sadabad,
India,Uttar Pradesh,Mau,Ghosi,
India,Uttar Pradesh,Mau,Mau,
India,Uttar Pradesh,Meerut,Mawana,
India,Uttar Pradesh,Meerut,Meerut,
India,Uttar Pradesh,Meerut,Sardhana,
India,Uttar Pradesh,Mirzapur,Chunar,
India,Uttar Pradesh,Mirzapur,Mirzapur,
India,Uttar Pradesh,Moradabad,Bilari,
India,Uttar Pradesh,Moradabad,Moradabad,
India,Uttar Pradesh,Moradabad,Thakurdwara,
India,Uttar Pradesh,Muzaffarnagar,Budhana,
India,Uttar Pradesh,Muzaffarnagar,Jansath,
India,Uttar Pradesh,Muzaffarnagar,Muzaffarnagar,
India,Uttar Pradesh,Pilibhit,Bisalpur,
India,Uttar Pradesh,Pilibhit,Pilibhit,
India,Uttar Pradesh,Pilibhit,Puranpur,
India,Uttar Pradesh,Pratapgarh,Bela,
India,Uttar Pradesh,Pratapgarh,Kunda,
India,Uttar Pradesh,Pratapgarh,Patti,
India,Uttar Pradesh,Rae Bareli,Dalmau,
India,Uttar Pradesh,Rae Bareli,Maharajganj,
India,Uttar Pradesh,Rae Bareli,Rae Bareli,
India,Uttar Pradesh,Rae Bareli,Salon,
India,Uttar Pradesh,Rampur,Bilaspur,
India,Uttar Pradesh,Rampur,Milak,
India,Uttar Pradesh,Rampur,Rampur,
India,Uttar Pradesh,Rampur,Shahabad,
India,Uttar Pradesh,Rampur,Suar,
India,Uttar Pradesh,Saharanpur,Deoband,
India,Uttar Pradesh,Saharanpur,Nakur,
India,Uttar Pradesh,Saharanpur,Saharanpur,
India,Uttar Pradesh,Sambhal,Bilari,
India,Uttar Pradesh,Sambhal,Gunnaur,
India,Uttar Pradesh,Sambhal,Sambhal,
India,Uttar Pradesh,Sant Kabir Nagar,Khalilabad,
India,Uttar Pradesh,Sant Ravi Das Nagar,Gyanpur,
India,Uttar Pradesh,Shahjahanpur,Jalalabad,
India,Uttar Pradesh,Shahjahanpur,Pawayan,
India,Uttar Pradesh,Shahjahanpur,Shahjahanpur,
India,Uttar Pradesh,Shahjahanpur,Tilhar,
India,Uttar Pradesh,Shamli,Budhana,
India,Uttar Pradesh,Shamli,Kairana,
India,Uttar Pradesh,Shravasti,Bahraich,
India,Uttar Pradesh,Siddharth Nagar,Bansi,
India,Uttar Pradesh,Siddharth Nagar,Domriaganj,
India,Uttar Pradesh,Siddharth Nagar,Naugarh,
India,Uttar Pradesh,Sitapur,Biswan,
India,Uttar Pradesh,Sitapur,Misrikh,
India,Uttar Pradesh,Sitapur,Sidhauli,
India,Uttar Pradesh,Sitapur,Sitapur,
India,Uttar Pradesh,Sonbhadra,Dudhi,
India,Uttar Pradesh,Sonbhadra,Robertsganj,
India,Uttar Pradesh,Sultanpur,Kadipur,
India,Uttar Pradesh,Sultanpur,Sultanpur,
India,Uttar Pradesh,Unnao,Hasanganj,
India,Uttar Pradesh,Unnao,Purwa,
India,Uttar Pradesh,Unnao,Safipur,
India,Uttar Pradesh,Unnao,Unnao,
India,Uttar Pradesh,Varanasi,Varanasi,
India,Uttarakhand,Almora,Almora,
India,Uttarakhand,Almora,Ranikhet,
India,Uttarakhand,Bageshwar,Bageshwar,
India,Uttarakhand,Chamoli,Chamoli,
India,Uttarakhand,Chamoli,Joshimath,
India,Uttarakhand,Chamoli,Karnaprayag,
India,Uttarakhand,Champawat,Champawat,
India,Uttarakhand,Dehradun,Chakrata,
India,Uttarakhand,Dehradun,Dehra Dun,
India,Uttarakhand,Garhwal,Lansdowne,
India,Uttarakhand,Garhwal,Pauri,
India,Uttarakhand,Hardwar,Haridwar,
India,Uttarakhand,Hardwar,Roorkee,
India,Uttarakhand,Nainital,Haldwani,
India,Uttarakhand,Nainital,Naini Tal,
India,Uttarakhand,Pithoragarh,Dharchula,
India,Uttarakhand,Pithoragarh,Didihat,
India,Uttarakhand,Pithoragarh,Munsyari,
India,Uttarakhand,Pithoragarh,Pithoragarh,
India,Uttarakhand,Rudraprayag,Okhimath,
India,Uttarakhand,Tehri Garhwal,Tehri Garhwal,
India,Uttarakhand,Tehri Garhwal,Narendranagar,
India,Uttarakhand,Tehri Garhwal,Tehri,
India,Uttarakhand,Udham Singh Nagar,Bazpur,
India,Uttarakhand,Udham Singh Nagar,Kashipur,
India,Uttarakhand,Udham Singh Nagar,Khatima,
India,Uttarakhand,Udham Singh Nagar,Kichha,
India,Uttarakhand,Uttarkashi,Bhatwari,
India,Uttarakhand,Uttarkashi,Dunda,
India,Uttarakhand,Uttarkashi,Purola,
India,Uttarakhand,Uttarkashi,Rajgarhi,